turno,data_eleicao,cd_eleicao,cargo,cd_cargo,nivel,uf,cd_municipio_tse,cd_municipio_ibge,municipio,zona,federacao_sigla,federacao_nome,federacao_composicao,agremiacao_nome,agremiacao_tipo,agremiacao_composicao,agremiacao_vagas,partido_numero,partido_sigla,partido_nome,partido_federacao,numero_urna,sq_candidato,nome_completo,nome_urna,data_nascimento,sequencial,situacao_candidatura,eleito,situacao_totalizacao,votos,pct_votos_validos,pct_votos_validos_preciso,vice_suplente_1_nome,vice_suplente_1_nome_urna,vice_suplente_1_partido,vice_suplente_1_tipo,vice_suplente_2_nome,vice_suplente_2_nome_urna,vice_suplente_2_partido,vice_suplente_2_tipo,gerado_em,oficial
1,04/10/2026,6257,Presidente,1,municipio,AC,01007,1200138,BUJARI,,,,,PARTIDO LIBERAL,i,PL,0,22,PL,PARTIDO LIBERAL,,22,280002551544,FLAVIO NANTES BOLSONARO,FLAVIO BOLSONARO,30/04/1981,1,Válido,nao,,5531,66.57,66.574386134,ALFREDO GASPAR DE MENDONÇA NETO,ALFREDO GASPAR,PL,v,,,,,04/10/2026 19:20:51,sim
1,04/10/2026,6257,Presidente,1,municipio,AC,01007,1200138,BUJARI,,,,,PARTIDO SOCIAL DEMOCRÁTICO,i,PSD,0,55,PSD,PARTIDO SOCIAL DEMOCRÁTICO,,55,280002551932,RONALDO RAMOS CAIADO,RONALDO CAIADO,25/09/1949,5,Válido,nao,,133,1.60,1.600866635,GILBERTO KASSAB,GILBERTO KASSAB,PSD,v,,,,,04/10/2026 19:20:51,sim
1,04/10/2026,6257,Presidente,1,municipio,AC,01007,1200138,BUJARI,,PT/PC do B/PV,FEDERAÇÃO BRASIL DA ESPERANÇA - FE BRASIL,PT/PC do B/PV,BRASIL PRONTO PRA MAIS,c,PSB / PDT / PCDOB / PT / PV / PSOL / REDE,,13,PT,PARTIDO DOS TRABALHADORES,101,13,280002542548,LUIZ INÁCIO LULA DA SILVA,LULA,06/10/1945,2,Válido,nao,,2394,28.82,28.815599422,GERALDO JOSE RODRIGUES ALCKMIN FILHO,GERALDO ALCKMIN,PSB,v,,,,,04/10/2026 19:20:51,sim
1,04/10/2026,6257,Presidente,1,municipio,AC,01007,1200138,BUJARI,,,,,DEMOCRACIA CRISTÃ,i,DC,0,27,DC,DEMOCRACIA CRISTÃ,,27,280002552484,CLARIANA ZACARKIM BARAO,CLARIANA BARAO,03/04/1987,9,Válido,nao,,3,0.04,0.036109774,FABIANA CRISTINA TAVARES TORQUATO,FABIANA TORQUATO,DC,v,,,,,04/10/2026 19:20:51,sim
1,04/10/2026,6257,Presidente,1,municipio,AC,01007,1200138,BUJARI,,,,,PARTIDO COMUNISTA BRASILEIRO,i,PCB,0,21,PCB,PARTIDO COMUNISTA BRASILEIRO,,21,280002551975,EDMILSON SILVA COSTA,EDMILSON COSTA,08/04/1950,10,Válido,nao,,3,0.04,0.036109774,CLEUSA DOS SANTOS,CLEUSA SANTOS,PCB,v,,,,,04/10/2026 19:20:51,sim
1,04/10/2026,6257,Presidente,1,municipio,AC,01007,1200138,BUJARI,,,,,PARTIDO SOCIALISTA  DOS TRABALHADORES UNIFICADO,i,PSTU,0,16,PSTU,PARTIDO SOCIALISTA  DOS TRABALHADORES UNIFICADO,,16,280002541457,HERTZ DA CONCEICAO DIAS,HERTZ DIAS,20/10/1970,8,Válido,nao,,3,0.04,0.036109774,VANESSA PORTUGAL BARBOSA,VANESSA PORTUGAL,PSTU,v,,,,,04/10/2026 19:20:51,sim
1,04/10/2026,6257,Presidente,1,municipio,AC,01007,1200138,BUJARI,,,,,BRASIL DOS NOSSOS SONHOS,c,AGIR / AVANTE,,70,AVANTE,AVANTE,,70,280002551547,AUGUSTO JORGE CURY,ESCRITOR AUGUSTO CURY,02/10/1958,3,Válido,nao,,165,1.99,1.986037554,JULIO CESAR DELGADO,JÚLIO DELGADO,AVANTE,v,,,,,04/10/2026 19:20:51,sim
1,04/10/2026,6257,Presidente,1,municipio,AC,01007,1200138,BUJARI,,,,,PARTIDO NOVO,i,NOVO,0,30,NOVO,PARTIDO NOVO,,30,280002539826,ROMEU ZEMA NETO,ZEMA,28/10/1964,6,Válido,nao,,3,0.04,0.036109774,LUIS EDUARDO GRANGEIRO GIRÃO,EDUARDO GIRÃO,NOVO,v,,,,,04/10/2026 19:20:51,sim
1,04/10/2026,6257,Presidente,1,municipio,AC,01007,1200138,BUJARI,,,,,UNIDADE POPULAR,i,UP,0,80,UP,UNIDADE POPULAR,,80,280002538811,SAMARA MARTINS DA SILVA FEITOSA,SAMARA,31/08/1987,7,Válido,nao,,3,0.04,0.036109774,RAQUEL NONATO DE BRICIO,RAQUEL BRÍCIO,UP,v,,,,,04/10/2026 19:20:51,sim
1,04/10/2026,6257,Presidente,1,municipio,AC,01007,1200138,BUJARI,,,,,DEMOCRATA,i,DEMOCRATA,0,35,DEMOCRATA,DEMOCRATA,,35,280002548139,WILSON GRASSI JUNIOR,VETERINÁRIO WILSON GRASSI,13/03/1970,11,Válido,nao,,0,0.00,0,SUÊD HAIDAR NOGUEIRA,SUÊD HAIDAR,DEMOCRATA,v,,,,,04/10/2026 19:20:51,sim
1,04/10/2026,6257,Presidente,1,municipio,AC,01007,1200138,BUJARI,,,,,PARTIDO MISSÃO,i,MISSÃO,0,14,MISSÃO,PARTIDO MISSÃO,,14,280002540694,RENAN ANTONIO FERREIRA DOS SANTOS,RENAN SANTOS,14/02/1984,4,Válido,nao,,68,0.82,0.818488204,AROLDO MEDINA,CORONEL MEDINA,MISSÃO,v,,,,,04/10/2026 19:20:51,sim
1,04/10/2026,6257,Presidente,1,municipio,AC,01007,1200138,BUJARI,,,,,PARTIDO DA CAUSA OPERÁRIA,i,PCO,0,29,PCO,PARTIDO DA CAUSA OPERÁRIA,,29,280002552487,RUI COSTA PIMENTA,RUI COSTA PIMENTA,25/06/1957,12,Válido,nao,,2,0.02,0.024073182,ANTONIO CARLOS SILVA,ANTÔNIO CARLOS,PCO,v,,,,,04/10/2026 19:20:51,sim
1,04/10/2026,6257,Presidente,1,municipio,AC,01015,1200179,CAPIXABA,,,,,PARTIDO LIBERAL,i,PL,0,22,PL,PARTIDO LIBERAL,,22,280002551544,FLAVIO NANTES BOLSONARO,FLAVIO BOLSONARO,30/04/1981,1,Válido,nao,,4227,67.12,67.116544935,ALFREDO GASPAR DE MENDONÇA NETO,ALFREDO GASPAR,PL,v,,,,,04/10/2026 18:56:31,sim
1,04/10/2026,6257,Presidente,1,municipio,AC,01015,1200179,CAPIXABA,,,,,PARTIDO SOCIAL DEMOCRÁTICO,i,PSD,0,55,PSD,PARTIDO SOCIAL DEMOCRÁTICO,,55,280002551932,RONALDO RAMOS CAIADO,RONALDO CAIADO,25/09/1949,4,Válido,nao,,134,2.13,2.127659574,GILBERTO KASSAB,GILBERTO KASSAB,PSD,v,,,,,04/10/2026 18:56:31,sim
1,04/10/2026,6257,Presidente,1,municipio,AC,01015,1200179,CAPIXABA,,PT/PC do B/PV,FEDERAÇÃO BRASIL DA ESPERANÇA - FE BRASIL,PT/PC do B/PV,BRASIL PRONTO PRA MAIS,c,PSB / PDT / PCDOB / PT / PV / PSOL / REDE,,13,PT,PARTIDO DOS TRABALHADORES,101,13,280002542548,LUIZ INÁCIO LULA DA SILVA,LULA,06/10/1945,2,Válido,nao,,1732,27.50,27.500793903,GERALDO JOSE RODRIGUES ALCKMIN FILHO,GERALDO ALCKMIN,PSB,v,,,,,04/10/2026 18:56:31,sim
1,04/10/2026,6257,Presidente,1,municipio,AC,01015,1200179,CAPIXABA,,,,,DEMOCRACIA CRISTÃ,i,DC,0,27,DC,DEMOCRACIA CRISTÃ,,27,280002552484,CLARIANA ZACARKIM BARAO,CLARIANA BARAO,03/04/1987,9,Válido,nao,,1,0.02,0.015878057,FABIANA CRISTINA TAVARES TORQUATO,FABIANA TORQUATO,DC,v,,,,,04/10/2026 18:56:31,sim
1,04/10/2026,6257,Presidente,1,municipio,AC,01015,1200179,CAPIXABA,,,,,PARTIDO COMUNISTA BRASILEIRO,i,PCB,0,21,PCB,PARTIDO COMUNISTA BRASILEIRO,,21,280002551975,EDMILSON SILVA COSTA,EDMILSON COSTA,08/04/1950,10,Válido,nao,,2,0.03,0.031756113,CLEUSA DOS SANTOS,CLEUSA SANTOS,PCB,v,,,,,04/10/2026 18:56:31,sim
1,04/10/2026,6257,Presidente,1,municipio,AC,01015,1200179,CAPIXABA,,,,,PARTIDO SOCIALISTA  DOS TRABALHADORES UNIFICADO,i,PSTU,0,16,PSTU,PARTIDO SOCIALISTA  DOS TRABALHADORES UNIFICADO,,16,280002541457,HERTZ DA CONCEICAO DIAS,HERTZ DIAS,20/10/1970,8,Válido,nao,,0,0.00,0,VANESSA PORTUGAL BARBOSA,VANESSA PORTUGAL,PSTU,v,,,,,04/10/2026 18:56:31,sim
1,04/10/2026,6257,Presidente,1,municipio,AC,01015,1200179,CAPIXABA,,,,,BRASIL DOS NOSSOS SONHOS,c,AGIR / AVANTE,,70,AVANTE,AVANTE,,70,280002551547,AUGUSTO JORGE CURY,ESCRITOR AUGUSTO CURY,02/10/1958,3,Válido,nao,,108,1.71,1.714830105,JULIO CESAR DELGADO,JÚLIO DELGADO,AVANTE,v,,,,,04/10/2026 18:56:31,sim
1,04/10/2026,6257,Presidente,1,municipio,AC,01015,1200179,CAPIXABA,,,,,PARTIDO NOVO,i,NOVO,0,30,NOVO,PARTIDO NOVO,,30,280002539826,ROMEU ZEMA NETO,ZEMA,28/10/1964,6,Válido,nao,,16,0.25,0.254048904,LUIS EDUARDO GRANGEIRO GIRÃO,EDUARDO GIRÃO,NOVO,v,,,,,04/10/2026 18:56:31,sim
1,04/10/2026,6257,Presidente,1,municipio,AC,01015,1200179,CAPIXABA,,,,,UNIDADE POPULAR,i,UP,0,80,UP,UNIDADE POPULAR,,80,280002538811,SAMARA MARTINS DA SILVA FEITOSA,SAMARA,31/08/1987,7,Válido,nao,,1,0.02,0.015878057,RAQUEL NONATO DE BRICIO,RAQUEL BRÍCIO,UP,v,,,,,04/10/2026 18:56:31,sim
1,04/10/2026,6257,Presidente,1,municipio,AC,01015,1200179,CAPIXABA,,,,,DEMOCRATA,i,DEMOCRATA,0,35,DEMOCRATA,DEMOCRATA,,35,280002548139,WILSON GRASSI JUNIOR,VETERINÁRIO WILSON GRASSI,13/03/1970,11,Válido,nao,,0,0.00,0,SUÊD HAIDAR NOGUEIRA,SUÊD HAIDAR,DEMOCRATA,v,,,,,04/10/2026 18:56:31,sim
1,04/10/2026,6257,Presidente,1,municipio,AC,01015,1200179,CAPIXABA,,,,,PARTIDO MISSÃO,i,MISSÃO,0,14,MISSÃO,PARTIDO MISSÃO,,14,280002540694,RENAN ANTONIO FERREIRA DOS SANTOS,RENAN SANTOS,14/02/1984,5,Válido,nao,,77,1.22,1.222610352,AROLDO MEDINA,CORONEL MEDINA,MISSÃO,v,,,,,04/10/2026 18:56:31,sim
1,04/10/2026,6257,Presidente,1,municipio,AC,01015,1200179,CAPIXABA,,,,,PARTIDO DA CAUSA OPERÁRIA,i,PCO,0,29,PCO,PARTIDO DA CAUSA OPERÁRIA,,29,280002552487,RUI COSTA PIMENTA,RUI COSTA PIMENTA,25/06/1957,12,Válido,nao,,0,0.00,0,ANTONIO CARLOS SILVA,ANTÔNIO CARLOS,PCO,v,,,,,04/10/2026 18:56:31,sim
1,04/10/2026,6257,Presidente,1,municipio,AC,01023,1200807,PORTO ACRE,,,,,PARTIDO LIBERAL,i,PL,0,22,PL,PARTIDO LIBERAL,,22,280002551544,FLAVIO NANTES BOLSONARO,FLAVIO BOLSONARO,30/04/1981,1,Válido,nao,,7926,71.23,71.225736880,ALFREDO GASPAR DE MENDONÇA NETO,ALFREDO GASPAR,PL,v,,,,,04/10/2026 19:12:39,sim
1,04/10/2026,6257,Presidente,1,municipio,AC,01023,1200807,PORTO ACRE,,,,,PARTIDO SOCIAL DEMOCRÁTICO,i,PSD,0,55,PSD,PARTIDO SOCIAL DEMOCRÁTICO,,55,280002551932,RONALDO RAMOS CAIADO,RONALDO CAIADO,25/09/1949,5,Válido,nao,,169,1.52,1.518691589,GILBERTO KASSAB,GILBERTO KASSAB,PSD,v,,,,,04/10/2026 19:12:39,sim
1,04/10/2026,6257,Presidente,1,municipio,AC,01023,1200807,PORTO ACRE,,PT/PC do B/PV,FEDERAÇÃO BRASIL DA ESPERANÇA - FE BRASIL,PT/PC do B/PV,BRASIL PRONTO PRA MAIS,c,PSB / PDT / PCDOB / PT / PV / PSOL / REDE,,13,PT,PARTIDO DOS TRABALHADORES,101,13,280002542548,LUIZ INÁCIO LULA DA SILVA,LULA,06/10/1945,2,Válido,nao,,2658,23.89,23.885693746,GERALDO JOSE RODRIGUES ALCKMIN FILHO,GERALDO ALCKMIN,PSB,v,,,,,04/10/2026 19:12:39,sim
1,04/10/2026,6257,Presidente,1,municipio,AC,01023,1200807,PORTO ACRE,,,,,DEMOCRACIA CRISTÃ,i,DC,0,27,DC,DEMOCRACIA CRISTÃ,,27,280002552484,CLARIANA ZACARKIM BARAO,CLARIANA BARAO,03/04/1987,9,Válido,nao,,0,0.00,0,FABIANA CRISTINA TAVARES TORQUATO,FABIANA TORQUATO,DC,v,,,,,04/10/2026 19:12:39,sim
1,04/10/2026,6257,Presidente,1,municipio,AC,01023,1200807,PORTO ACRE,,,,,PARTIDO COMUNISTA BRASILEIRO,i,PCB,0,21,PCB,PARTIDO COMUNISTA BRASILEIRO,,21,280002551975,EDMILSON SILVA COSTA,EDMILSON COSTA,08/04/1950,10,Válido,nao,,6,0.05,0.053918045,CLEUSA DOS SANTOS,CLEUSA SANTOS,PCB,v,,,,,04/10/2026 19:12:39,sim
1,04/10/2026,6257,Presidente,1,municipio,AC,01023,1200807,PORTO ACRE,,,,,PARTIDO SOCIALISTA  DOS TRABALHADORES UNIFICADO,i,PSTU,0,16,PSTU,PARTIDO SOCIALISTA  DOS TRABALHADORES UNIFICADO,,16,280002541457,HERTZ DA CONCEICAO DIAS,HERTZ DIAS,20/10/1970,8,Válido,nao,,0,0.00,0,VANESSA PORTUGAL BARBOSA,VANESSA PORTUGAL,PSTU,v,,,,,04/10/2026 19:12:39,sim
1,04/10/2026,6257,Presidente,1,municipio,AC,01023,1200807,PORTO ACRE,,,,,BRASIL DOS NOSSOS SONHOS,c,AGIR / AVANTE,,70,AVANTE,AVANTE,,70,280002551547,AUGUSTO JORGE CURY,ESCRITOR AUGUSTO CURY,02/10/1958,3,Válido,nao,,228,2.05,2.048885694,JULIO CESAR DELGADO,JÚLIO DELGADO,AVANTE,v,,,,,04/10/2026 19:12:39,sim
1,04/10/2026,6257,Presidente,1,municipio,AC,01023,1200807,PORTO ACRE,,,,,PARTIDO NOVO,i,NOVO,0,30,NOVO,PARTIDO NOVO,,30,280002539826,ROMEU ZEMA NETO,ZEMA,28/10/1964,6,Válido,nao,,22,0.20,0.197699497,LUIS EDUARDO GRANGEIRO GIRÃO,EDUARDO GIRÃO,NOVO,v,,,,,04/10/2026 19:12:39,sim
1,04/10/2026,6257,Presidente,1,municipio,AC,01023,1200807,PORTO ACRE,,,,,UNIDADE POPULAR,i,UP,0,80,UP,UNIDADE POPULAR,,80,280002538811,SAMARA MARTINS DA SILVA FEITOSA,SAMARA,31/08/1987,7,Válido,nao,,5,0.04,0.044931704,RAQUEL NONATO DE BRICIO,RAQUEL BRÍCIO,UP,v,,,,,04/10/2026 19:12:39,sim
1,04/10/2026,6257,Presidente,1,municipio,AC,01023,1200807,PORTO ACRE,,,,,DEMOCRATA,i,DEMOCRATA,0,35,DEMOCRATA,DEMOCRATA,,35,280002548139,WILSON GRASSI JUNIOR,VETERINÁRIO WILSON GRASSI,13/03/1970,11,Válido,nao,,1,0.01,0.008986341,SUÊD HAIDAR NOGUEIRA,SUÊD HAIDAR,DEMOCRATA,v,,,,,04/10/2026 19:12:39,sim
1,04/10/2026,6257,Presidente,1,municipio,AC,01023,1200807,PORTO ACRE,,,,,PARTIDO MISSÃO,i,MISSÃO,0,14,MISSÃO,PARTIDO MISSÃO,,14,280002540694,RENAN ANTONIO FERREIRA DOS SANTOS,RENAN SANTOS,14/02/1984,4,Válido,nao,,113,1.02,1.015456506,AROLDO MEDINA,CORONEL MEDINA,MISSÃO,v,,,,,04/10/2026 19:12:39,sim
1,04/10/2026,6257,Presidente,1,municipio,AC,01023,1200807,PORTO ACRE,,,,,PARTIDO DA CAUSA OPERÁRIA,i,PCO,0,29,PCO,PARTIDO DA CAUSA OPERÁRIA,,29,280002552487,RUI COSTA PIMENTA,RUI COSTA PIMENTA,25/06/1957,12,Válido,nao,,0,0.00,0,ANTONIO CARLOS SILVA,ANTÔNIO CARLOS,PCO,v,,,,,04/10/2026 19:12:39,sim
1,04/10/2026,6257,Presidente,1,municipio,AC,01031,1200435,SANTA ROSA DO PURUS,,,,,PARTIDO LIBERAL,i,PL,0,22,PL,PARTIDO LIBERAL,,22,280002551544,FLAVIO NANTES BOLSONARO,FLAVIO BOLSONARO,30/04/1981,1,Válido,nao,,1258,45.88,45.878920496,ALFREDO GASPAR DE MENDONÇA NETO,ALFREDO GASPAR,PL,v,,,,,04/10/2026 18:48:39,sim
1,04/10/2026,6257,Presidente,1,municipio,AC,01031,1200435,SANTA ROSA DO PURUS,,,,,PARTIDO SOCIAL DEMOCRÁTICO,i,PSD,0,55,PSD,PARTIDO SOCIAL DEMOCRÁTICO,,55,280002551932,RONALDO RAMOS CAIADO,RONALDO CAIADO,25/09/1949,4,Válido,nao,,24,0.88,0.875273523,GILBERTO KASSAB,GILBERTO KASSAB,PSD,v,,,,,04/10/2026 18:48:39,sim
1,04/10/2026,6257,Presidente,1,municipio,AC,01031,1200435,SANTA ROSA DO PURUS,,PT/PC do B/PV,FEDERAÇÃO BRASIL DA ESPERANÇA - FE BRASIL,PT/PC do B/PV,BRASIL PRONTO PRA MAIS,c,PSB / PDT / PCDOB / PT / PV / PSOL / REDE,,13,PT,PARTIDO DOS TRABALHADORES,101,13,280002542548,LUIZ INÁCIO LULA DA SILVA,LULA,06/10/1945,2,Válido,nao,,1384,50.47,50.474106492,GERALDO JOSE RODRIGUES ALCKMIN FILHO,GERALDO ALCKMIN,PSB,v,,,,,04/10/2026 18:48:39,sim
1,04/10/2026,6257,Presidente,1,municipio,AC,01031,1200435,SANTA ROSA DO PURUS,,,,,DEMOCRACIA CRISTÃ,i,DC,0,27,DC,DEMOCRACIA CRISTÃ,,27,280002552484,CLARIANA ZACARKIM BARAO,CLARIANA BARAO,03/04/1987,9,Válido,nao,,1,0.04,0.036469730,FABIANA CRISTINA TAVARES TORQUATO,FABIANA TORQUATO,DC,v,,,,,04/10/2026 18:48:39,sim
1,04/10/2026,6257,Presidente,1,municipio,AC,01031,1200435,SANTA ROSA DO PURUS,,,,,PARTIDO COMUNISTA BRASILEIRO,i,PCB,0,21,PCB,PARTIDO COMUNISTA BRASILEIRO,,21,280002551975,EDMILSON SILVA COSTA,EDMILSON COSTA,08/04/1950,10,Válido,nao,,1,0.04,0.036469730,CLEUSA DOS SANTOS,CLEUSA SANTOS,PCB,v,,,,,04/10/2026 18:48:39,sim
1,04/10/2026,6257,Presidente,1,municipio,AC,01031,1200435,SANTA ROSA DO PURUS,,,,,PARTIDO SOCIALISTA  DOS TRABALHADORES UNIFICADO,i,PSTU,0,16,PSTU,PARTIDO SOCIALISTA  DOS TRABALHADORES UNIFICADO,,16,280002541457,HERTZ DA CONCEICAO DIAS,HERTZ DIAS,20/10/1970,8,Válido,nao,,0,0.00,0,VANESSA PORTUGAL BARBOSA,VANESSA PORTUGAL,PSTU,v,,,,,04/10/2026 18:48:39,sim
1,04/10/2026,6257,Presidente,1,municipio,AC,01031,1200435,SANTA ROSA DO PURUS,,,,,BRASIL DOS NOSSOS SONHOS,c,AGIR / AVANTE,,70,AVANTE,AVANTE,,70,280002551547,AUGUSTO JORGE CURY,ESCRITOR AUGUSTO CURY,02/10/1958,3,Válido,nao,,55,2.01,2.005835157,JULIO CESAR DELGADO,JÚLIO DELGADO,AVANTE,v,,,,,04/10/2026 18:48:39,sim
1,04/10/2026,6257,Presidente,1,municipio,AC,01031,1200435,SANTA ROSA DO PURUS,,,,,PARTIDO NOVO,i,NOVO,0,30,NOVO,PARTIDO NOVO,,30,280002539826,ROMEU ZEMA NETO,ZEMA,28/10/1964,6,Válido,nao,,2,0.07,0.072939460,LUIS EDUARDO GRANGEIRO GIRÃO,EDUARDO GIRÃO,NOVO,v,,,,,04/10/2026 18:48:39,sim
1,04/10/2026,6257,Presidente,1,municipio,AC,01031,1200435,SANTA ROSA DO PURUS,,,,,UNIDADE POPULAR,i,UP,0,80,UP,UNIDADE POPULAR,,80,280002538811,SAMARA MARTINS DA SILVA FEITOSA,SAMARA,31/08/1987,7,Válido,nao,,0,0.00,0,RAQUEL NONATO DE BRICIO,RAQUEL BRÍCIO,UP,v,,,,,04/10/2026 18:48:39,sim
1,04/10/2026,6257,Presidente,1,municipio,AC,01031,1200435,SANTA ROSA DO PURUS,,,,,DEMOCRATA,i,DEMOCRATA,0,35,DEMOCRATA,DEMOCRATA,,35,280002548139,WILSON GRASSI JUNIOR,VETERINÁRIO WILSON GRASSI,13/03/1970,11,Válido,nao,,0,0.00,0,SUÊD HAIDAR NOGUEIRA,SUÊD HAIDAR,DEMOCRATA,v,,,,,04/10/2026 18:48:39,sim
1,04/10/2026,6257,Presidente,1,municipio,AC,01031,1200435,SANTA ROSA DO PURUS,,,,,PARTIDO MISSÃO,i,MISSÃO,0,14,MISSÃO,PARTIDO MISSÃO,,14,280002540694,RENAN ANTONIO FERREIRA DOS SANTOS,RENAN SANTOS,14/02/1984,5,Válido,nao,,17,0.62,0.619985412,AROLDO MEDINA,CORONEL MEDINA,MISSÃO,v,,,,,04/10/2026 18:48:39,sim
1,04/10/2026,6257,Presidente,1,municipio,AC,01031,1200435,SANTA ROSA DO PURUS,,,,,PARTIDO DA CAUSA OPERÁRIA,i,PCO,0,29,PCO,PARTIDO DA CAUSA OPERÁRIA,,29,280002552487,RUI COSTA PIMENTA,RUI COSTA PIMENTA,25/06/1957,12,Válido,nao,,0,0.00,0,ANTONIO CARLOS SILVA,ANTÔNIO CARLOS,PCO,v,,,,,04/10/2026 18:48:39,sim
1,04/10/2026,6257,Presidente,1,municipio,AC,01040,1200351,MARECHAL THAUMATURGO,,,,,PARTIDO LIBERAL,i,PL,0,22,PL,PARTIDO LIBERAL,,22,280002551544,FLAVIO NANTES BOLSONARO,FLAVIO BOLSONARO,30/04/1981,1,Válido,nao,,5369,59.14,59.142983036,ALFREDO GASPAR DE MENDONÇA NETO,ALFREDO GASPAR,PL,v,,,,,04/10/2026 18:17:46,sim
1,04/10/2026,6257,Presidente,1,municipio,AC,01040,1200351,MARECHAL THAUMATURGO,,,,,PARTIDO SOCIAL DEMOCRÁTICO,i,PSD,0,55,PSD,PARTIDO SOCIAL DEMOCRÁTICO,,55,280002551932,RONALDO RAMOS CAIADO,RONALDO CAIADO,25/09/1949,4,Válido,nao,,102,1.12,1.123595506,GILBERTO KASSAB,GILBERTO KASSAB,PSD,v,,,,,04/10/2026 18:17:46,sim
1,04/10/2026,6257,Presidente,1,municipio,AC,01040,1200351,MARECHAL THAUMATURGO,,PT/PC do B/PV,FEDERAÇÃO BRASIL DA ESPERANÇA - FE BRASIL,PT/PC do B/PV,BRASIL PRONTO PRA MAIS,c,PSB / PDT / PCDOB / PT / PV / PSOL / REDE,,13,PT,PARTIDO DOS TRABALHADORES,101,13,280002542548,LUIZ INÁCIO LULA DA SILVA,LULA,06/10/1945,2,Válido,nao,,3365,37.07,37.067636043,GERALDO JOSE RODRIGUES ALCKMIN FILHO,GERALDO ALCKMIN,PSB,v,,,,,04/10/2026 18:17:46,sim
1,04/10/2026,6257,Presidente,1,municipio,AC,01040,1200351,MARECHAL THAUMATURGO,,,,,DEMOCRACIA CRISTÃ,i,DC,0,27,DC,DEMOCRACIA CRISTÃ,,27,280002552484,CLARIANA ZACARKIM BARAO,CLARIANA BARAO,03/04/1987,8,Válido,nao,,2,0.02,0.022031284,FABIANA CRISTINA TAVARES TORQUATO,FABIANA TORQUATO,DC,v,,,,,04/10/2026 18:17:46,sim
1,04/10/2026,6257,Presidente,1,municipio,AC,01040,1200351,MARECHAL THAUMATURGO,,,,,PARTIDO COMUNISTA BRASILEIRO,i,PCB,0,21,PCB,PARTIDO COMUNISTA BRASILEIRO,,21,280002551975,EDMILSON SILVA COSTA,EDMILSON COSTA,08/04/1950,10,Válido,nao,,2,0.02,0.022031284,CLEUSA DOS SANTOS,CLEUSA SANTOS,PCB,v,,,,,04/10/2026 18:17:46,sim
1,04/10/2026,6257,Presidente,1,municipio,AC,01040,1200351,MARECHAL THAUMATURGO,,,,,PARTIDO SOCIALISTA  DOS TRABALHADORES UNIFICADO,i,PSTU,0,16,PSTU,PARTIDO SOCIALISTA  DOS TRABALHADORES UNIFICADO,,16,280002541457,HERTZ DA CONCEICAO DIAS,HERTZ DIAS,20/10/1970,9,Válido,nao,,0,0.00,0,VANESSA PORTUGAL BARBOSA,VANESSA PORTUGAL,PSTU,v,,,,,04/10/2026 18:17:46,sim
1,04/10/2026,6257,Presidente,1,municipio,AC,01040,1200351,MARECHAL THAUMATURGO,,,,,BRASIL DOS NOSSOS SONHOS,c,AGIR / AVANTE,,70,AVANTE,AVANTE,,70,280002551547,AUGUSTO JORGE CURY,ESCRITOR AUGUSTO CURY,02/10/1958,3,Válido,nao,,189,2.08,2.081956378,JULIO CESAR DELGADO,JÚLIO DELGADO,AVANTE,v,,,,,04/10/2026 18:17:46,sim
1,04/10/2026,6257,Presidente,1,municipio,AC,01040,1200351,MARECHAL THAUMATURGO,,,,,PARTIDO NOVO,i,NOVO,0,30,NOVO,PARTIDO NOVO,,30,280002539826,ROMEU ZEMA NETO,ZEMA,28/10/1964,6,Válido,nao,,3,0.03,0.033046927,LUIS EDUARDO GRANGEIRO GIRÃO,EDUARDO GIRÃO,NOVO,v,,,,,04/10/2026 18:17:46,sim
1,04/10/2026,6257,Presidente,1,municipio,AC,01040,1200351,MARECHAL THAUMATURGO,,,,,UNIDADE POPULAR,i,UP,0,80,UP,UNIDADE POPULAR,,80,280002538811,SAMARA MARTINS DA SILVA FEITOSA,SAMARA,31/08/1987,7,Válido,nao,,1,0.01,0.011015642,RAQUEL NONATO DE BRICIO,RAQUEL BRÍCIO,UP,v,,,,,04/10/2026 18:17:46,sim
1,04/10/2026,6257,Presidente,1,municipio,AC,01040,1200351,MARECHAL THAUMATURGO,,,,,DEMOCRATA,i,DEMOCRATA,0,35,DEMOCRATA,DEMOCRATA,,35,280002548139,WILSON GRASSI JUNIOR,VETERINÁRIO WILSON GRASSI,13/03/1970,11,Válido,nao,,0,0.00,0,SUÊD HAIDAR NOGUEIRA,SUÊD HAIDAR,DEMOCRATA,v,,,,,04/10/2026 18:17:46,sim
1,04/10/2026,6257,Presidente,1,municipio,AC,01040,1200351,MARECHAL THAUMATURGO,,,,,PARTIDO MISSÃO,i,MISSÃO,0,14,MISSÃO,PARTIDO MISSÃO,,14,280002540694,RENAN ANTONIO FERREIRA DOS SANTOS,RENAN SANTOS,14/02/1984,5,Válido,nao,,43,0.47,0.473672615,AROLDO MEDINA,CORONEL MEDINA,MISSÃO,v,,,,,04/10/2026 18:17:46,sim
1,04/10/2026,6257,Presidente,1,municipio,AC,01040,1200351,MARECHAL THAUMATURGO,,,,,PARTIDO DA CAUSA OPERÁRIA,i,PCO,0,29,PCO,PARTIDO DA CAUSA OPERÁRIA,,29,280002552487,RUI COSTA PIMENTA,RUI COSTA PIMENTA,25/06/1957,12,Válido,nao,,2,0.02,0.022031284,ANTONIO CARLOS SILVA,ANTÔNIO CARLOS,PCO,v,,,,,04/10/2026 18:17:46,sim
1,04/10/2026,6257,Presidente,1,municipio,AC,01058,1200104,BRASILÉIA,,,,,PARTIDO LIBERAL,i,PL,0,22,PL,PARTIDO LIBERAL,,22,280002551544,FLAVIO NANTES BOLSONARO,FLAVIO BOLSONARO,30/04/1981,1,Válido,nao,,10709,69.60,69.597712355,ALFREDO GASPAR DE MENDONÇA NETO,ALFREDO GASPAR,PL,v,,,,,04/10/2026 19:17:09,sim
1,04/10/2026,6257,Presidente,1,municipio,AC,01058,1200104,BRASILÉIA,,,,,PARTIDO SOCIAL DEMOCRÁTICO,i,PSD,0,55,PSD,PARTIDO SOCIAL DEMOCRÁTICO,,55,280002551932,RONALDO RAMOS CAIADO,RONALDO CAIADO,25/09/1949,5,Válido,nao,,192,1.25,1.247806590,GILBERTO KASSAB,GILBERTO KASSAB,PSD,v,,,,,04/10/2026 19:17:09,sim
1,04/10/2026,6257,Presidente,1,municipio,AC,01058,1200104,BRASILÉIA,,PT/PC do B/PV,FEDERAÇÃO BRASIL DA ESPERANÇA - FE BRASIL,PT/PC do B/PV,BRASIL PRONTO PRA MAIS,c,PSB / PDT / PCDOB / PT / PV / PSOL / REDE,,13,PT,PARTIDO DOS TRABALHADORES,101,13,280002542548,LUIZ INÁCIO LULA DA SILVA,LULA,06/10/1945,2,Válido,nao,,3965,25.77,25.768505882,GERALDO JOSE RODRIGUES ALCKMIN FILHO,GERALDO ALCKMIN,PSB,v,,,,,04/10/2026 19:17:09,sim
1,04/10/2026,6257,Presidente,1,municipio,AC,01058,1200104,BRASILÉIA,,,,,DEMOCRACIA CRISTÃ,i,DC,0,27,DC,DEMOCRACIA CRISTÃ,,27,280002552484,CLARIANA ZACARKIM BARAO,CLARIANA BARAO,03/04/1987,9,Válido,nao,,2,0.01,0.012997985,FABIANA CRISTINA TAVARES TORQUATO,FABIANA TORQUATO,DC,v,,,,,04/10/2026 19:17:09,sim
1,04/10/2026,6257,Presidente,1,municipio,AC,01058,1200104,BRASILÉIA,,,,,PARTIDO COMUNISTA BRASILEIRO,i,PCB,0,21,PCB,PARTIDO COMUNISTA BRASILEIRO,,21,280002551975,EDMILSON SILVA COSTA,EDMILSON COSTA,08/04/1950,10,Válido,nao,,6,0.04,0.038993956,CLEUSA DOS SANTOS,CLEUSA SANTOS,PCB,v,,,,,04/10/2026 19:17:09,sim
1,04/10/2026,6257,Presidente,1,municipio,AC,01058,1200104,BRASILÉIA,,,,,PARTIDO SOCIALISTA  DOS TRABALHADORES UNIFICADO,i,PSTU,0,16,PSTU,PARTIDO SOCIALISTA  DOS TRABALHADORES UNIFICADO,,16,280002541457,HERTZ DA CONCEICAO DIAS,HERTZ DIAS,20/10/1970,8,Válido,nao,,1,0.01,0.006498993,VANESSA PORTUGAL BARBOSA,VANESSA PORTUGAL,PSTU,v,,,,,04/10/2026 19:17:09,sim
1,04/10/2026,6257,Presidente,1,municipio,AC,01058,1200104,BRASILÉIA,,,,,BRASIL DOS NOSSOS SONHOS,c,AGIR / AVANTE,,70,AVANTE,AVANTE,,70,280002551547,AUGUSTO JORGE CURY,ESCRITOR AUGUSTO CURY,02/10/1958,3,Válido,nao,,295,1.92,1.917202834,JULIO CESAR DELGADO,JÚLIO DELGADO,AVANTE,v,,,,,04/10/2026 19:17:09,sim
1,04/10/2026,6257,Presidente,1,municipio,AC,01058,1200104,BRASILÉIA,,,,,PARTIDO NOVO,i,NOVO,0,30,NOVO,PARTIDO NOVO,,30,280002539826,ROMEU ZEMA NETO,ZEMA,28/10/1964,6,Válido,nao,,15,0.10,0.097484890,LUIS EDUARDO GRANGEIRO GIRÃO,EDUARDO GIRÃO,NOVO,v,,,,,04/10/2026 19:17:09,sim
1,04/10/2026,6257,Presidente,1,municipio,AC,01058,1200104,BRASILÉIA,,,,,UNIDADE POPULAR,i,UP,0,80,UP,UNIDADE POPULAR,,80,280002538811,SAMARA MARTINS DA SILVA FEITOSA,SAMARA,31/08/1987,7,Válido,nao,,2,0.01,0.012997985,RAQUEL NONATO DE BRICIO,RAQUEL BRÍCIO,UP,v,,,,,04/10/2026 19:17:09,sim
1,04/10/2026,6257,Presidente,1,municipio,AC,01058,1200104,BRASILÉIA,,,,,DEMOCRATA,i,DEMOCRATA,0,35,DEMOCRATA,DEMOCRATA,,35,280002548139,WILSON GRASSI JUNIOR,VETERINÁRIO WILSON GRASSI,13/03/1970,11,Válido,nao,,0,0.00,0,SUÊD HAIDAR NOGUEIRA,SUÊD HAIDAR,DEMOCRATA,v,,,,,04/10/2026 19:17:09,sim
1,04/10/2026,6257,Presidente,1,municipio,AC,01058,1200104,BRASILÉIA,,,,,PARTIDO MISSÃO,i,MISSÃO,0,14,MISSÃO,PARTIDO MISSÃO,,14,280002540694,RENAN ANTONIO FERREIRA DOS SANTOS,RENAN SANTOS,14/02/1984,4,Válido,nao,,200,1.30,1.299798531,AROLDO MEDINA,CORONEL MEDINA,MISSÃO,v,,,,,04/10/2026 19:17:09,sim
1,04/10/2026,6257,Presidente,1,municipio,AC,01058,1200104,BRASILÉIA,,,,,PARTIDO DA CAUSA OPERÁRIA,i,PCO,0,29,PCO,PARTIDO DA CAUSA OPERÁRIA,,29,280002552487,RUI COSTA PIMENTA,RUI COSTA PIMENTA,25/06/1957,12,Válido,nao,,0,0.00,0,ANTONIO CARLOS SILVA,ANTÔNIO CARLOS,PCO,v,,,,,04/10/2026 19:17:09,sim
1,04/10/2026,6257,Presidente,1,municipio,AC,01066,1200393,PORTO WALTER,,,,,PARTIDO LIBERAL,i,PL,0,22,PL,PARTIDO LIBERAL,,22,280002551544,FLAVIO NANTES BOLSONARO,FLAVIO BOLSONARO,30/04/1981,1,Válido,nao,,2780,44.16,44.155019060,ALFREDO GASPAR DE MENDONÇA NETO,ALFREDO GASPAR,PL,v,,,,,04/10/2026 19:07:40,sim
1,04/10/2026,6257,Presidente,1,municipio,AC,01066,1200393,PORTO WALTER,,,,,PARTIDO SOCIAL DEMOCRÁTICO,i,PSD,0,55,PSD,PARTIDO SOCIAL DEMOCRÁTICO,,55,280002551932,RONALDO RAMOS CAIADO,RONALDO CAIADO,25/09/1949,4,Válido,nao,,62,0.98,0.984752224,GILBERTO KASSAB,GILBERTO KASSAB,PSD,v,,,,,04/10/2026 19:07:40,sim
1,04/10/2026,6257,Presidente,1,municipio,AC,01066,1200393,PORTO WALTER,,PT/PC do B/PV,FEDERAÇÃO BRASIL DA ESPERANÇA - FE BRASIL,PT/PC do B/PV,BRASIL PRONTO PRA MAIS,c,PSB / PDT / PCDOB / PT / PV / PSOL / REDE,,13,PT,PARTIDO DOS TRABALHADORES,101,13,280002542548,LUIZ INÁCIO LULA DA SILVA,LULA,06/10/1945,2,Válido,nao,,3208,50.95,50.952986023,GERALDO JOSE RODRIGUES ALCKMIN FILHO,GERALDO ALCKMIN,PSB,v,,,,,04/10/2026 19:07:40,sim
1,04/10/2026,6257,Presidente,1,municipio,AC,01066,1200393,PORTO WALTER,,,,,DEMOCRACIA CRISTÃ,i,DC,0,27,DC,DEMOCRACIA CRISTÃ,,27,280002552484,CLARIANA ZACARKIM BARAO,CLARIANA BARAO,03/04/1987,9,Válido,nao,,1,0.02,0.015883100,FABIANA CRISTINA TAVARES TORQUATO,FABIANA TORQUATO,DC,v,,,,,04/10/2026 19:07:40,sim
1,04/10/2026,6257,Presidente,1,municipio,AC,01066,1200393,PORTO WALTER,,,,,PARTIDO COMUNISTA BRASILEIRO,i,PCB,0,21,PCB,PARTIDO COMUNISTA BRASILEIRO,,21,280002551975,EDMILSON SILVA COSTA,EDMILSON COSTA,08/04/1950,10,Válido,nao,,1,0.02,0.015883100,CLEUSA DOS SANTOS,CLEUSA SANTOS,PCB,v,,,,,04/10/2026 19:07:40,sim
1,04/10/2026,6257,Presidente,1,municipio,AC,01066,1200393,PORTO WALTER,,,,,PARTIDO SOCIALISTA  DOS TRABALHADORES UNIFICADO,i,PSTU,0,16,PSTU,PARTIDO SOCIALISTA  DOS TRABALHADORES UNIFICADO,,16,280002541457,HERTZ DA CONCEICAO DIAS,HERTZ DIAS,20/10/1970,8,Válido,nao,,0,0.00,0,VANESSA PORTUGAL BARBOSA,VANESSA PORTUGAL,PSTU,v,,,,,04/10/2026 19:07:40,sim
1,04/10/2026,6257,Presidente,1,municipio,AC,01066,1200393,PORTO WALTER,,,,,BRASIL DOS NOSSOS SONHOS,c,AGIR / AVANTE,,70,AVANTE,AVANTE,,70,280002551547,AUGUSTO JORGE CURY,ESCRITOR AUGUSTO CURY,02/10/1958,3,Válido,nao,,194,3.08,3.081321474,JULIO CESAR DELGADO,JÚLIO DELGADO,AVANTE,v,,,,,04/10/2026 19:07:40,sim
1,04/10/2026,6257,Presidente,1,municipio,AC,01066,1200393,PORTO WALTER,,,,,PARTIDO NOVO,i,NOVO,0,30,NOVO,PARTIDO NOVO,,30,280002539826,ROMEU ZEMA NETO,ZEMA,28/10/1964,6,Válido,nao,,0,0.00,0,LUIS EDUARDO GRANGEIRO GIRÃO,EDUARDO GIRÃO,NOVO,v,,,,,04/10/2026 19:07:40,sim
1,04/10/2026,6257,Presidente,1,municipio,AC,01066,1200393,PORTO WALTER,,,,,UNIDADE POPULAR,i,UP,0,80,UP,UNIDADE POPULAR,,80,280002538811,SAMARA MARTINS DA SILVA FEITOSA,SAMARA,31/08/1987,7,Válido,nao,,1,0.02,0.015883100,RAQUEL NONATO DE BRICIO,RAQUEL BRÍCIO,UP,v,,,,,04/10/2026 19:07:40,sim
1,04/10/2026,6257,Presidente,1,municipio,AC,01066,1200393,PORTO WALTER,,,,,DEMOCRATA,i,DEMOCRATA,0,35,DEMOCRATA,DEMOCRATA,,35,280002548139,WILSON GRASSI JUNIOR,VETERINÁRIO WILSON GRASSI,13/03/1970,11,Válido,nao,,0,0.00,0,SUÊD HAIDAR NOGUEIRA,SUÊD HAIDAR,DEMOCRATA,v,,,,,04/10/2026 19:07:40,sim
1,04/10/2026,6257,Presidente,1,municipio,AC,01066,1200393,PORTO WALTER,,,,,PARTIDO MISSÃO,i,MISSÃO,0,14,MISSÃO,PARTIDO MISSÃO,,14,280002540694,RENAN ANTONIO FERREIRA DOS SANTOS,RENAN SANTOS,14/02/1984,5,Válido,nao,,48,0.76,0.762388818,AROLDO MEDINA,CORONEL MEDINA,MISSÃO,v,,,,,04/10/2026 19:07:40,sim
1,04/10/2026,6257,Presidente,1,municipio,AC,01066,1200393,PORTO WALTER,,,,,PARTIDO DA CAUSA OPERÁRIA,i,PCO,0,29,PCO,PARTIDO DA CAUSA OPERÁRIA,,29,280002552487,RUI COSTA PIMENTA,RUI COSTA PIMENTA,25/06/1957,12,Válido,nao,,1,0.02,0.015883100,ANTONIO CARLOS SILVA,ANTÔNIO CARLOS,PCO,v,,,,,04/10/2026 19:07:40,sim
1,04/10/2026,6257,Presidente,1,municipio,AC,01074,1200203,CRUZEIRO DO SUL,,,,,PARTIDO LIBERAL,i,PL,0,22,PL,PARTIDO LIBERAL,,22,280002551544,FLAVIO NANTES BOLSONARO,FLAVIO BOLSONARO,30/04/1981,1,Válido,nao,,34218,68.91,68.910101498,ALFREDO GASPAR DE MENDONÇA NETO,ALFREDO GASPAR,PL,v,,,,,04/10/2026 20:42:45,sim
1,04/10/2026,6257,Presidente,1,municipio,AC,01074,1200203,CRUZEIRO DO SUL,,,,,PARTIDO SOCIAL DEMOCRÁTICO,i,PSD,0,55,PSD,PARTIDO SOCIAL DEMOCRÁTICO,,55,280002551932,RONALDO RAMOS CAIADO,RONALDO CAIADO,25/09/1949,5,Válido,nao,,703,1.42,1.415740293,GILBERTO KASSAB,GILBERTO KASSAB,PSD,v,,,,,04/10/2026 20:42:45,sim
1,04/10/2026,6257,Presidente,1,municipio,AC,01074,1200203,CRUZEIRO DO SUL,,PT/PC do B/PV,FEDERAÇÃO BRASIL DA ESPERANÇA - FE BRASIL,PT/PC do B/PV,BRASIL PRONTO PRA MAIS,c,PSB / PDT / PCDOB / PT / PV / PSOL / REDE,,13,PT,PARTIDO DOS TRABALHADORES,101,13,280002542548,LUIZ INÁCIO LULA DA SILVA,LULA,06/10/1945,2,Válido,nao,,12368,24.91,24.907362655,GERALDO JOSE RODRIGUES ALCKMIN FILHO,GERALDO ALCKMIN,PSB,v,,,,,04/10/2026 20:42:45,sim
1,04/10/2026,6257,Presidente,1,municipio,AC,01074,1200203,CRUZEIRO DO SUL,,,,,DEMOCRACIA CRISTÃ,i,DC,0,27,DC,DEMOCRACIA CRISTÃ,,27,280002552484,CLARIANA ZACARKIM BARAO,CLARIANA BARAO,03/04/1987,9,Válido,nao,,12,0.02,0.024166264,FABIANA CRISTINA TAVARES TORQUATO,FABIANA TORQUATO,DC,v,,,,,04/10/2026 20:42:45,sim
1,04/10/2026,6257,Presidente,1,municipio,AC,01074,1200203,CRUZEIRO DO SUL,,,,,PARTIDO COMUNISTA BRASILEIRO,i,PCB,0,21,PCB,PARTIDO COMUNISTA BRASILEIRO,,21,280002551975,EDMILSON SILVA COSTA,EDMILSON COSTA,08/04/1950,10,Válido,nao,,14,0.03,0.028193975,CLEUSA DOS SANTOS,CLEUSA SANTOS,PCB,v,,,,,04/10/2026 20:42:45,sim
1,04/10/2026,6257,Presidente,1,municipio,AC,01074,1200203,CRUZEIRO DO SUL,,,,,PARTIDO SOCIALISTA  DOS TRABALHADORES UNIFICADO,i,PSTU,0,16,PSTU,PARTIDO SOCIALISTA  DOS TRABALHADORES UNIFICADO,,16,280002541457,HERTZ DA CONCEICAO DIAS,HERTZ DIAS,20/10/1970,8,Válido,nao,,8,0.02,0.016110843,VANESSA PORTUGAL BARBOSA,VANESSA PORTUGAL,PSTU,v,,,,,04/10/2026 20:42:45,sim
1,04/10/2026,6257,Presidente,1,municipio,AC,01074,1200203,CRUZEIRO DO SUL,,,,,BRASIL DOS NOSSOS SONHOS,c,AGIR / AVANTE,,70,AVANTE,AVANTE,,70,280002551547,AUGUSTO JORGE CURY,ESCRITOR AUGUSTO CURY,02/10/1958,3,Válido,nao,,1357,2.73,2.732801676,JULIO CESAR DELGADO,JÚLIO DELGADO,AVANTE,v,,,,,04/10/2026 20:42:45,sim
1,04/10/2026,6257,Presidente,1,municipio,AC,01074,1200203,CRUZEIRO DO SUL,,,,,PARTIDO NOVO,i,NOVO,0,30,NOVO,PARTIDO NOVO,,30,280002539826,ROMEU ZEMA NETO,ZEMA,28/10/1964,6,Válido,nao,,28,0.06,0.056387949,LUIS EDUARDO GRANGEIRO GIRÃO,EDUARDO GIRÃO,NOVO,v,,,,,04/10/2026 20:42:45,sim
1,04/10/2026,6257,Presidente,1,municipio,AC,01074,1200203,CRUZEIRO DO SUL,,,,,UNIDADE POPULAR,i,UP,0,80,UP,UNIDADE POPULAR,,80,280002538811,SAMARA MARTINS DA SILVA FEITOSA,SAMARA,31/08/1987,7,Válido,nao,,17,0.03,0.034235541,RAQUEL NONATO DE BRICIO,RAQUEL BRÍCIO,UP,v,,,,,04/10/2026 20:42:45,sim
1,04/10/2026,6257,Presidente,1,municipio,AC,01074,1200203,CRUZEIRO DO SUL,,,,,DEMOCRATA,i,DEMOCRATA,0,35,DEMOCRATA,DEMOCRATA,,35,280002548139,WILSON GRASSI JUNIOR,VETERINÁRIO WILSON GRASSI,13/03/1970,11,Válido,nao,,8,0.02,0.016110843,SUÊD HAIDAR NOGUEIRA,SUÊD HAIDAR,DEMOCRATA,v,,,,,04/10/2026 20:42:45,sim
1,04/10/2026,6257,Presidente,1,municipio,AC,01074,1200203,CRUZEIRO DO SUL,,,,,PARTIDO MISSÃO,i,MISSÃO,0,14,MISSÃO,PARTIDO MISSÃO,,14,280002540694,RENAN ANTONIO FERREIRA DOS SANTOS,RENAN SANTOS,14/02/1984,4,Válido,nao,,921,1.85,1.854760754,AROLDO MEDINA,CORONEL MEDINA,MISSÃO,v,,,,,04/10/2026 20:42:45,sim
1,04/10/2026,6257,Presidente,1,municipio,AC,01074,1200203,CRUZEIRO DO SUL,,,,,PARTIDO DA CAUSA OPERÁRIA,i,PCO,0,29,PCO,PARTIDO DA CAUSA OPERÁRIA,,29,280002552487,RUI COSTA PIMENTA,RUI COSTA PIMENTA,25/06/1957,12,Válido,nao,,2,0.01,0.004027711,ANTONIO CARLOS SILVA,ANTÔNIO CARLOS,PCO,v,,,,,04/10/2026 20:42:45,sim
1,04/10/2026,6257,Presidente,1,municipio,AC,01082,1200427,RODRIGUES ALVES,,,,,PARTIDO LIBERAL,i,PL,0,22,PL,PARTIDO LIBERAL,,22,280002551544,FLAVIO NANTES BOLSONARO,FLAVIO BOLSONARO,30/04/1981,1,Válido,nao,,7154,72.04,72.037055684,ALFREDO GASPAR DE MENDONÇA NETO,ALFREDO GASPAR,PL,v,,,,,04/10/2026 19:14:14,sim
1,04/10/2026,6257,Presidente,1,municipio,AC,01082,1200427,RODRIGUES ALVES,,,,,PARTIDO SOCIAL DEMOCRÁTICO,i,PSD,0,55,PSD,PARTIDO SOCIAL DEMOCRÁTICO,,55,280002551932,RONALDO RAMOS CAIADO,RONALDO CAIADO,25/09/1949,5,Válido,nao,,148,1.49,1.490282952,GILBERTO KASSAB,GILBERTO KASSAB,PSD,v,,,,,04/10/2026 19:14:14,sim
1,04/10/2026,6257,Presidente,1,municipio,AC,01082,1200427,RODRIGUES ALVES,,PT/PC do B/PV,FEDERAÇÃO BRASIL DA ESPERANÇA - FE BRASIL,PT/PC do B/PV,BRASIL PRONTO PRA MAIS,c,PSB / PDT / PCDOB / PT / PV / PSOL / REDE,,13,PT,PARTIDO DOS TRABALHADORES,101,13,280002542548,LUIZ INÁCIO LULA DA SILVA,LULA,06/10/1945,2,Válido,nao,,2355,23.71,23.713624006,GERALDO JOSE RODRIGUES ALCKMIN FILHO,GERALDO ALCKMIN,PSB,v,,,,,04/10/2026 19:14:14,sim
1,04/10/2026,6257,Presidente,1,municipio,AC,01082,1200427,RODRIGUES ALVES,,,,,DEMOCRACIA CRISTÃ,i,DC,0,27,DC,DEMOCRACIA CRISTÃ,,27,280002552484,CLARIANA ZACARKIM BARAO,CLARIANA BARAO,03/04/1987,9,Válido,nao,,4,0.04,0.040277918,FABIANA CRISTINA TAVARES TORQUATO,FABIANA TORQUATO,DC,v,,,,,04/10/2026 19:14:14,sim
1,04/10/2026,6257,Presidente,1,municipio,AC,01082,1200427,RODRIGUES ALVES,,,,,PARTIDO COMUNISTA BRASILEIRO,i,PCB,0,21,PCB,PARTIDO COMUNISTA BRASILEIRO,,21,280002551975,EDMILSON SILVA COSTA,EDMILSON COSTA,08/04/1950,10,Válido,nao,,1,0.01,0.010069479,CLEUSA DOS SANTOS,CLEUSA SANTOS,PCB,v,,,,,04/10/2026 19:14:14,sim
1,04/10/2026,6257,Presidente,1,municipio,AC,01082,1200427,RODRIGUES ALVES,,,,,PARTIDO SOCIALISTA  DOS TRABALHADORES UNIFICADO,i,PSTU,0,16,PSTU,PARTIDO SOCIALISTA  DOS TRABALHADORES UNIFICADO,,16,280002541457,HERTZ DA CONCEICAO DIAS,HERTZ DIAS,20/10/1970,8,Válido,nao,,1,0.01,0.010069479,VANESSA PORTUGAL BARBOSA,VANESSA PORTUGAL,PSTU,v,,,,,04/10/2026 19:14:14,sim
1,04/10/2026,6257,Presidente,1,municipio,AC,01082,1200427,RODRIGUES ALVES,,,,,BRASIL DOS NOSSOS SONHOS,c,AGIR / AVANTE,,70,AVANTE,AVANTE,,70,280002551547,AUGUSTO JORGE CURY,ESCRITOR AUGUSTO CURY,02/10/1958,3,Válido,nao,,184,1.85,1.852784211,JULIO CESAR DELGADO,JÚLIO DELGADO,AVANTE,v,,,,,04/10/2026 19:14:14,sim
1,04/10/2026,6257,Presidente,1,municipio,AC,01082,1200427,RODRIGUES ALVES,,,,,PARTIDO NOVO,i,NOVO,0,30,NOVO,PARTIDO NOVO,,30,280002539826,ROMEU ZEMA NETO,ZEMA,28/10/1964,6,Válido,nao,,4,0.04,0.040277918,LUIS EDUARDO GRANGEIRO GIRÃO,EDUARDO GIRÃO,NOVO,v,,,,,04/10/2026 19:14:14,sim
1,04/10/2026,6257,Presidente,1,municipio,AC,01082,1200427,RODRIGUES ALVES,,,,,UNIDADE POPULAR,i,UP,0,80,UP,UNIDADE POPULAR,,80,280002538811,SAMARA MARTINS DA SILVA FEITOSA,SAMARA,31/08/1987,7,Válido,nao,,1,0.01,0.010069479,RAQUEL NONATO DE BRICIO,RAQUEL BRÍCIO,UP,v,,,,,04/10/2026 19:14:14,sim
1,04/10/2026,6257,Presidente,1,municipio,AC,01082,1200427,RODRIGUES ALVES,,,,,DEMOCRATA,i,DEMOCRATA,0,35,DEMOCRATA,DEMOCRATA,,35,280002548139,WILSON GRASSI JUNIOR,VETERINÁRIO WILSON GRASSI,13/03/1970,11,Válido,nao,,0,0.00,0,SUÊD HAIDAR NOGUEIRA,SUÊD HAIDAR,DEMOCRATA,v,,,,,04/10/2026 19:14:14,sim
1,04/10/2026,6257,Presidente,1,municipio,AC,01082,1200427,RODRIGUES ALVES,,,,,PARTIDO MISSÃO,i,MISSÃO,0,14,MISSÃO,PARTIDO MISSÃO,,14,280002540694,RENAN ANTONIO FERREIRA DOS SANTOS,RENAN SANTOS,14/02/1984,4,Válido,nao,,77,0.78,0.775349914,AROLDO MEDINA,CORONEL MEDINA,MISSÃO,v,,,,,04/10/2026 19:14:14,sim
1,04/10/2026,6257,Presidente,1,municipio,AC,01082,1200427,RODRIGUES ALVES,,,,,PARTIDO DA CAUSA OPERÁRIA,i,PCO,0,29,PCO,PARTIDO DA CAUSA OPERÁRIA,,29,280002552487,RUI COSTA PIMENTA,RUI COSTA PIMENTA,25/06/1957,12,Válido,nao,,2,0.02,0.020138959,ANTONIO CARLOS SILVA,ANTÔNIO CARLOS,PCO,v,,,,,04/10/2026 19:14:14,sim
1,04/10/2026,6257,Presidente,1,municipio,AC,01090,1200336,MÂNCIO LIMA,,,,,PARTIDO LIBERAL,i,PL,0,22,PL,PARTIDO LIBERAL,,22,280002551544,FLAVIO NANTES BOLSONARO,FLAVIO BOLSONARO,30/04/1981,1,Válido,nao,,7749,66.29,66.293096073,ALFREDO GASPAR DE MENDONÇA NETO,ALFREDO GASPAR,PL,v,,,,,04/10/2026 20:52:46,sim
1,04/10/2026,6257,Presidente,1,municipio,AC,01090,1200336,MÂNCIO LIMA,,,,,PARTIDO SOCIAL DEMOCRÁTICO,i,PSD,0,55,PSD,PARTIDO SOCIAL DEMOCRÁTICO,,55,280002551932,RONALDO RAMOS CAIADO,RONALDO CAIADO,25/09/1949,5,Válido,nao,,73,0.62,0.624518778,GILBERTO KASSAB,GILBERTO KASSAB,PSD,v,,,,,04/10/2026 20:52:46,sim
1,04/10/2026,6257,Presidente,1,municipio,AC,01090,1200336,MÂNCIO LIMA,,PT/PC do B/PV,FEDERAÇÃO BRASIL DA ESPERANÇA - FE BRASIL,PT/PC do B/PV,BRASIL PRONTO PRA MAIS,c,PSB / PDT / PCDOB / PT / PV / PSOL / REDE,,13,PT,PARTIDO DOS TRABALHADORES,101,13,280002542548,LUIZ INÁCIO LULA DA SILVA,LULA,06/10/1945,2,Válido,nao,,3481,29.78,29.780135170,GERALDO JOSE RODRIGUES ALCKMIN FILHO,GERALDO ALCKMIN,PSB,v,,,,,04/10/2026 20:52:46,sim
1,04/10/2026,6257,Presidente,1,municipio,AC,01090,1200336,MÂNCIO LIMA,,,,,DEMOCRACIA CRISTÃ,i,DC,0,27,DC,DEMOCRACIA CRISTÃ,,27,280002552484,CLARIANA ZACARKIM BARAO,CLARIANA BARAO,03/04/1987,9,Válido,nao,,1,0.01,0.008555052,FABIANA CRISTINA TAVARES TORQUATO,FABIANA TORQUATO,DC,v,,,,,04/10/2026 20:52:46,sim
1,04/10/2026,6257,Presidente,1,municipio,AC,01090,1200336,MÂNCIO LIMA,,,,,PARTIDO COMUNISTA BRASILEIRO,i,PCB,0,21,PCB,PARTIDO COMUNISTA BRASILEIRO,,21,280002551975,EDMILSON SILVA COSTA,EDMILSON COSTA,08/04/1950,10,Válido,nao,,2,0.02,0.017110104,CLEUSA DOS SANTOS,CLEUSA SANTOS,PCB,v,,,,,04/10/2026 20:52:46,sim
1,04/10/2026,6257,Presidente,1,municipio,AC,01090,1200336,MÂNCIO LIMA,,,,,PARTIDO SOCIALISTA  DOS TRABALHADORES UNIFICADO,i,PSTU,0,16,PSTU,PARTIDO SOCIALISTA  DOS TRABALHADORES UNIFICADO,,16,280002541457,HERTZ DA CONCEICAO DIAS,HERTZ DIAS,20/10/1970,8,Válido,nao,,0,0.00,0,VANESSA PORTUGAL BARBOSA,VANESSA PORTUGAL,PSTU,v,,,,,04/10/2026 20:52:46,sim
1,04/10/2026,6257,Presidente,1,municipio,AC,01090,1200336,MÂNCIO LIMA,,,,,BRASIL DOS NOSSOS SONHOS,c,AGIR / AVANTE,,70,AVANTE,AVANTE,,70,280002551547,AUGUSTO JORGE CURY,ESCRITOR AUGUSTO CURY,02/10/1958,3,Válido,nao,,256,2.19,2.190093250,JULIO CESAR DELGADO,JÚLIO DELGADO,AVANTE,v,,,,,04/10/2026 20:52:46,sim
1,04/10/2026,6257,Presidente,1,municipio,AC,01090,1200336,MÂNCIO LIMA,,,,,PARTIDO NOVO,i,NOVO,0,30,NOVO,PARTIDO NOVO,,30,280002539826,ROMEU ZEMA NETO,ZEMA,28/10/1964,6,Válido,nao,,0,0.00,0,LUIS EDUARDO GRANGEIRO GIRÃO,EDUARDO GIRÃO,NOVO,v,,,,,04/10/2026 20:52:46,sim
1,04/10/2026,6257,Presidente,1,municipio,AC,01090,1200336,MÂNCIO LIMA,,,,,UNIDADE POPULAR,i,UP,0,80,UP,UNIDADE POPULAR,,80,280002538811,SAMARA MARTINS DA SILVA FEITOSA,SAMARA,31/08/1987,7,Válido,nao,,2,0.02,0.017110104,RAQUEL NONATO DE BRICIO,RAQUEL BRÍCIO,UP,v,,,,,04/10/2026 20:52:46,sim
1,04/10/2026,6257,Presidente,1,municipio,AC,01090,1200336,MÂNCIO LIMA,,,,,DEMOCRATA,i,DEMOCRATA,0,35,DEMOCRATA,DEMOCRATA,,35,280002548139,WILSON GRASSI JUNIOR,VETERINÁRIO WILSON GRASSI,13/03/1970,11,Válido,nao,,1,0.01,0.008555052,SUÊD HAIDAR NOGUEIRA,SUÊD HAIDAR,DEMOCRATA,v,,,,,04/10/2026 20:52:46,sim
1,04/10/2026,6257,Presidente,1,municipio,AC,01090,1200336,MÂNCIO LIMA,,,,,PARTIDO MISSÃO,i,MISSÃO,0,14,MISSÃO,PARTIDO MISSÃO,,14,280002540694,RENAN ANTONIO FERREIRA DOS SANTOS,RENAN SANTOS,14/02/1984,4,Válido,nao,,123,1.05,1.052271366,AROLDO MEDINA,CORONEL MEDINA,MISSÃO,v,,,,,04/10/2026 20:52:46,sim
1,04/10/2026,6257,Presidente,1,municipio,AC,01090,1200336,MÂNCIO LIMA,,,,,PARTIDO DA CAUSA OPERÁRIA,i,PCO,0,29,PCO,PARTIDO DA CAUSA OPERÁRIA,,29,280002552487,RUI COSTA PIMENTA,RUI COSTA PIMENTA,25/06/1957,12,Válido,nao,,1,0.01,0.008555052,ANTONIO CARLOS SILVA,ANTÔNIO CARLOS,PCO,v,,,,,04/10/2026 20:52:46,sim
1,04/10/2026,6257,Presidente,1,municipio,AC,01104,1200328,JORDÃO,,,,,PARTIDO LIBERAL,i,PL,0,22,PL,PARTIDO LIBERAL,,22,280002551544,FLAVIO NANTES BOLSONARO,FLAVIO BOLSONARO,30/04/1981,1,Válido,nao,,1935,45.01,45.010467551,ALFREDO GASPAR DE MENDONÇA NETO,ALFREDO GASPAR,PL,v,,,,,04/10/2026 19:08:54,sim
1,04/10/2026,6257,Presidente,1,municipio,AC,01104,1200328,JORDÃO,,,,,PARTIDO SOCIAL DEMOCRÁTICO,i,PSD,0,55,PSD,PARTIDO SOCIAL DEMOCRÁTICO,,55,280002551932,RONALDO RAMOS CAIADO,RONALDO CAIADO,25/09/1949,5,Válido,nao,,43,1.00,1.000232612,GILBERTO KASSAB,GILBERTO KASSAB,PSD,v,,,,,04/10/2026 19:08:54,sim
1,04/10/2026,6257,Presidente,1,municipio,AC,01104,1200328,JORDÃO,,PT/PC do B/PV,FEDERAÇÃO BRASIL DA ESPERANÇA - FE BRASIL,PT/PC do B/PV,BRASIL PRONTO PRA MAIS,c,PSB / PDT / PCDOB / PT / PV / PSOL / REDE,,13,PT,PARTIDO DOS TRABALHADORES,101,13,280002542548,LUIZ INÁCIO LULA DA SILVA,LULA,06/10/1945,2,Válido,nao,,2147,49.94,49.941846941,GERALDO JOSE RODRIGUES ALCKMIN FILHO,GERALDO ALCKMIN,PSB,v,,,,,04/10/2026 19:08:54,sim
1,04/10/2026,6257,Presidente,1,municipio,AC,01104,1200328,JORDÃO,,,,,DEMOCRACIA CRISTÃ,i,DC,0,27,DC,DEMOCRACIA CRISTÃ,,27,280002552484,CLARIANA ZACARKIM BARAO,CLARIANA BARAO,03/04/1987,9,Válido,nao,,1,0.02,0.023261224,FABIANA CRISTINA TAVARES TORQUATO,FABIANA TORQUATO,DC,v,,,,,04/10/2026 19:08:54,sim
1,04/10/2026,6257,Presidente,1,municipio,AC,01104,1200328,JORDÃO,,,,,PARTIDO COMUNISTA BRASILEIRO,i,PCB,0,21,PCB,PARTIDO COMUNISTA BRASILEIRO,,21,280002551975,EDMILSON SILVA COSTA,EDMILSON COSTA,08/04/1950,10,Válido,nao,,0,0.00,0,CLEUSA DOS SANTOS,CLEUSA SANTOS,PCB,v,,,,,04/10/2026 19:08:54,sim
1,04/10/2026,6257,Presidente,1,municipio,AC,01104,1200328,JORDÃO,,,,,PARTIDO SOCIALISTA  DOS TRABALHADORES UNIFICADO,i,PSTU,0,16,PSTU,PARTIDO SOCIALISTA  DOS TRABALHADORES UNIFICADO,,16,280002541457,HERTZ DA CONCEICAO DIAS,HERTZ DIAS,20/10/1970,8,Válido,nao,,0,0.00,0,VANESSA PORTUGAL BARBOSA,VANESSA PORTUGAL,PSTU,v,,,,,04/10/2026 19:08:54,sim
1,04/10/2026,6257,Presidente,1,municipio,AC,01104,1200328,JORDÃO,,,,,BRASIL DOS NOSSOS SONHOS,c,AGIR / AVANTE,,70,AVANTE,AVANTE,,70,280002551547,AUGUSTO JORGE CURY,ESCRITOR AUGUSTO CURY,02/10/1958,3,Válido,nao,,152,3.54,3.535705978,JULIO CESAR DELGADO,JÚLIO DELGADO,AVANTE,v,,,,,04/10/2026 19:08:54,sim
1,04/10/2026,6257,Presidente,1,municipio,AC,01104,1200328,JORDÃO,,,,,PARTIDO NOVO,i,NOVO,0,30,NOVO,PARTIDO NOVO,,30,280002539826,ROMEU ZEMA NETO,ZEMA,28/10/1964,6,Válido,nao,,5,0.12,0.116306118,LUIS EDUARDO GRANGEIRO GIRÃO,EDUARDO GIRÃO,NOVO,v,,,,,04/10/2026 19:08:54,sim
1,04/10/2026,6257,Presidente,1,municipio,AC,01104,1200328,JORDÃO,,,,,UNIDADE POPULAR,i,UP,0,80,UP,UNIDADE POPULAR,,80,280002538811,SAMARA MARTINS DA SILVA FEITOSA,SAMARA,31/08/1987,7,Válido,nao,,0,0.00,0,RAQUEL NONATO DE BRICIO,RAQUEL BRÍCIO,UP,v,,,,,04/10/2026 19:08:54,sim
1,04/10/2026,6257,Presidente,1,municipio,AC,01104,1200328,JORDÃO,,,,,DEMOCRATA,i,DEMOCRATA,0,35,DEMOCRATA,DEMOCRATA,,35,280002548139,WILSON GRASSI JUNIOR,VETERINÁRIO WILSON GRASSI,13/03/1970,11,Válido,nao,,1,0.02,0.023261224,SUÊD HAIDAR NOGUEIRA,SUÊD HAIDAR,DEMOCRATA,v,,,,,04/10/2026 19:08:54,sim
1,04/10/2026,6257,Presidente,1,municipio,AC,01104,1200328,JORDÃO,,,,,PARTIDO MISSÃO,i,MISSÃO,0,14,MISSÃO,PARTIDO MISSÃO,,14,280002540694,RENAN ANTONIO FERREIRA DOS SANTOS,RENAN SANTOS,14/02/1984,4,Válido,nao,,15,0.35,0.348918353,AROLDO MEDINA,CORONEL MEDINA,MISSÃO,v,,,,,04/10/2026 19:08:54,sim
1,04/10/2026,6257,Presidente,1,municipio,AC,01104,1200328,JORDÃO,,,,,PARTIDO DA CAUSA OPERÁRIA,i,PCO,0,29,PCO,PARTIDO DA CAUSA OPERÁRIA,,29,280002552487,RUI COSTA PIMENTA,RUI COSTA PIMENTA,25/06/1957,12,Válido,nao,,0,0.00,0,ANTONIO CARLOS SILVA,ANTÔNIO CARLOS,PCO,v,,,,,04/10/2026 19:08:54,sim
1,04/10/2026,6257,Presidente,1,municipio,AC,01112,1200252,EPITACIOLÂNDIA,,,,,PARTIDO LIBERAL,i,PL,0,22,PL,PARTIDO LIBERAL,,22,280002551544,FLAVIO NANTES BOLSONARO,FLAVIO BOLSONARO,30/04/1981,1,Válido,nao,,8129,72.05,72.052827513,ALFREDO GASPAR DE MENDONÇA NETO,ALFREDO GASPAR,PL,v,,,,,04/10/2026 20:24:14,sim
1,04/10/2026,6257,Presidente,1,municipio,AC,01112,1200252,EPITACIOLÂNDIA,,,,,PARTIDO SOCIAL DEMOCRÁTICO,i,PSD,0,55,PSD,PARTIDO SOCIAL DEMOCRÁTICO,,55,280002551932,RONALDO RAMOS CAIADO,RONALDO CAIADO,25/09/1949,5,Válido,nao,,135,1.20,1.196596348,GILBERTO KASSAB,GILBERTO KASSAB,PSD,v,,,,,04/10/2026 20:24:14,sim
1,04/10/2026,6257,Presidente,1,municipio,AC,01112,1200252,EPITACIOLÂNDIA,,PT/PC do B/PV,FEDERAÇÃO BRASIL DA ESPERANÇA - FE BRASIL,PT/PC do B/PV,BRASIL PRONTO PRA MAIS,c,PSB / PDT / PCDOB / PT / PV / PSOL / REDE,,13,PT,PARTIDO DOS TRABALHADORES,101,13,280002542548,LUIZ INÁCIO LULA DA SILVA,LULA,06/10/1945,2,Válido,nao,,2656,23.54,23.541925191,GERALDO JOSE RODRIGUES ALCKMIN FILHO,GERALDO ALCKMIN,PSB,v,,,,,04/10/2026 20:24:14,sim
1,04/10/2026,6257,Presidente,1,municipio,AC,01112,1200252,EPITACIOLÂNDIA,,,,,PARTIDO SOCIALISTA  DOS TRABALHADORES UNIFICADO,i,PSTU,0,16,PSTU,PARTIDO SOCIALISTA  DOS TRABALHADORES UNIFICADO,,16,280002541457,HERTZ DA CONCEICAO DIAS,HERTZ DIAS,20/10/1970,8,Válido,nao,,1,0.01,0.008863677,VANESSA PORTUGAL BARBOSA,VANESSA PORTUGAL,PSTU,v,,,,,04/10/2026 20:24:14,sim
1,04/10/2026,6257,Presidente,1,municipio,AC,01112,1200252,EPITACIOLÂNDIA,,,,,PARTIDO COMUNISTA BRASILEIRO,i,PCB,0,21,PCB,PARTIDO COMUNISTA BRASILEIRO,,21,280002551975,EDMILSON SILVA COSTA,EDMILSON COSTA,08/04/1950,10,Válido,nao,,2,0.02,0.017727353,CLEUSA DOS SANTOS,CLEUSA SANTOS,PCB,v,,,,,04/10/2026 20:24:14,sim
1,04/10/2026,6257,Presidente,1,municipio,AC,01112,1200252,EPITACIOLÂNDIA,,,,,DEMOCRACIA CRISTÃ,i,DC,0,27,DC,DEMOCRACIA CRISTÃ,,27,280002552484,CLARIANA ZACARKIM BARAO,CLARIANA BARAO,03/04/1987,9,Válido,nao,,6,0.05,0.053182060,FABIANA CRISTINA TAVARES TORQUATO,FABIANA TORQUATO,DC,v,,,,,04/10/2026 20:24:14,sim
1,04/10/2026,6257,Presidente,1,municipio,AC,01112,1200252,EPITACIOLÂNDIA,,,,,PARTIDO NOVO,i,NOVO,0,30,NOVO,PARTIDO NOVO,,30,280002539826,ROMEU ZEMA NETO,ZEMA,28/10/1964,6,Válido,nao,,8,0.07,0.070909413,LUIS EDUARDO GRANGEIRO GIRÃO,EDUARDO GIRÃO,NOVO,v,,,,,04/10/2026 20:24:14,sim
1,04/10/2026,6257,Presidente,1,municipio,AC,01112,1200252,EPITACIOLÂNDIA,,,,,BRASIL DOS NOSSOS SONHOS,c,AGIR / AVANTE,,70,AVANTE,AVANTE,,70,280002551547,AUGUSTO JORGE CURY,ESCRITOR AUGUSTO CURY,02/10/1958,3,Válido,nao,,202,1.79,1.790462684,JULIO CESAR DELGADO,JÚLIO DELGADO,AVANTE,v,,,,,04/10/2026 20:24:14,sim
1,04/10/2026,6257,Presidente,1,municipio,AC,01112,1200252,EPITACIOLÂNDIA,,,,,DEMOCRATA,i,DEMOCRATA,0,35,DEMOCRATA,DEMOCRATA,,35,280002548139,WILSON GRASSI JUNIOR,VETERINÁRIO WILSON GRASSI,13/03/1970,11,Válido,nao,,0,0.00,0,SUÊD HAIDAR NOGUEIRA,SUÊD HAIDAR,DEMOCRATA,v,,,,,04/10/2026 20:24:14,sim
1,04/10/2026,6257,Presidente,1,municipio,AC,01112,1200252,EPITACIOLÂNDIA,,,,,UNIDADE POPULAR,i,UP,0,80,UP,UNIDADE POPULAR,,80,280002538811,SAMARA MARTINS DA SILVA FEITOSA,SAMARA,31/08/1987,7,Válido,nao,,9,0.08,0.079773090,RAQUEL NONATO DE BRICIO,RAQUEL BRÍCIO,UP,v,,,,,04/10/2026 20:24:14,sim
1,04/10/2026,6257,Presidente,1,municipio,AC,01112,1200252,EPITACIOLÂNDIA,,,,,PARTIDO MISSÃO,i,MISSÃO,0,14,MISSÃO,PARTIDO MISSÃO,,14,280002540694,RENAN ANTONIO FERREIRA DOS SANTOS,RENAN SANTOS,14/02/1984,4,Válido,nao,,133,1.18,1.178868995,AROLDO MEDINA,CORONEL MEDINA,MISSÃO,v,,,,,04/10/2026 20:24:14,sim
1,04/10/2026,6257,Presidente,1,municipio,AC,01112,1200252,EPITACIOLÂNDIA,,,,,PARTIDO DA CAUSA OPERÁRIA,i,PCO,0,29,PCO,PARTIDO DA CAUSA OPERÁRIA,,29,280002552487,RUI COSTA PIMENTA,RUI COSTA PIMENTA,25/06/1957,12,Válido,nao,,1,0.01,0.008863677,ANTONIO CARLOS SILVA,ANTÔNIO CARLOS,PCO,v,,,,,04/10/2026 20:24:14,sim
1,04/10/2026,6257,Presidente,1,municipio,AC,01120,1200013,ACRELÂNDIA,,,,,PARTIDO LIBERAL,i,PL,0,22,PL,PARTIDO LIBERAL,,22,280002551544,FLAVIO NANTES BOLSONARO,FLAVIO BOLSONARO,30/04/1981,1,Válido,nao,,5940,76.24,76.241817482,ALFREDO GASPAR DE MENDONÇA NETO,ALFREDO GASPAR,PL,v,,,,,04/10/2026 19:04:33,sim
1,04/10/2026,6257,Presidente,1,municipio,AC,01120,1200013,ACRELÂNDIA,,,,,PARTIDO SOCIAL DEMOCRÁTICO,i,PSD,0,55,PSD,PARTIDO SOCIAL DEMOCRÁTICO,,55,280002551932,RONALDO RAMOS CAIADO,RONALDO CAIADO,25/09/1949,4,Válido,nao,,136,1.75,1.745603902,GILBERTO KASSAB,GILBERTO KASSAB,PSD,v,,,,,04/10/2026 19:04:33,sim
1,04/10/2026,6257,Presidente,1,municipio,AC,01120,1200013,ACRELÂNDIA,,PT/PC do B/PV,FEDERAÇÃO BRASIL DA ESPERANÇA - FE BRASIL,PT/PC do B/PV,BRASIL PRONTO PRA MAIS,c,PSB / PDT / PCDOB / PT / PV / PSOL / REDE,,13,PT,PARTIDO DOS TRABALHADORES,101,13,280002542548,LUIZ INÁCIO LULA DA SILVA,LULA,06/10/1945,2,Válido,nao,,1508,19.36,19.355666795,GERALDO JOSE RODRIGUES ALCKMIN FILHO,GERALDO ALCKMIN,PSB,v,,,,,04/10/2026 19:04:33,sim
1,04/10/2026,6257,Presidente,1,municipio,AC,01120,1200013,ACRELÂNDIA,,,,,PARTIDO SOCIALISTA  DOS TRABALHADORES UNIFICADO,i,PSTU,0,16,PSTU,PARTIDO SOCIALISTA  DOS TRABALHADORES UNIFICADO,,16,280002541457,HERTZ DA CONCEICAO DIAS,HERTZ DIAS,20/10/1970,8,Válido,nao,,1,0.01,0.012835323,VANESSA PORTUGAL BARBOSA,VANESSA PORTUGAL,PSTU,v,,,,,04/10/2026 19:04:33,sim
1,04/10/2026,6257,Presidente,1,municipio,AC,01120,1200013,ACRELÂNDIA,,,,,PARTIDO COMUNISTA BRASILEIRO,i,PCB,0,21,PCB,PARTIDO COMUNISTA BRASILEIRO,,21,280002551975,EDMILSON SILVA COSTA,EDMILSON COSTA,08/04/1950,10,Válido,nao,,0,0.00,0,CLEUSA DOS SANTOS,CLEUSA SANTOS,PCB,v,,,,,04/10/2026 19:04:33,sim
1,04/10/2026,6257,Presidente,1,municipio,AC,01120,1200013,ACRELÂNDIA,,,,,DEMOCRACIA CRISTÃ,i,DC,0,27,DC,DEMOCRACIA CRISTÃ,,27,280002552484,CLARIANA ZACARKIM BARAO,CLARIANA BARAO,03/04/1987,9,Válido,nao,,2,0.03,0.025670646,FABIANA CRISTINA TAVARES TORQUATO,FABIANA TORQUATO,DC,v,,,,,04/10/2026 19:04:33,sim
1,04/10/2026,6257,Presidente,1,municipio,AC,01120,1200013,ACRELÂNDIA,,,,,PARTIDO NOVO,i,NOVO,0,30,NOVO,PARTIDO NOVO,,30,280002539826,ROMEU ZEMA NETO,ZEMA,28/10/1964,6,Válido,nao,,3,0.04,0.038505968,LUIS EDUARDO GRANGEIRO GIRÃO,EDUARDO GIRÃO,NOVO,v,,,,,04/10/2026 19:04:33,sim
1,04/10/2026,6257,Presidente,1,municipio,AC,01120,1200013,ACRELÂNDIA,,,,,BRASIL DOS NOSSOS SONHOS,c,AGIR / AVANTE,,70,AVANTE,AVANTE,,70,280002551547,AUGUSTO JORGE CURY,ESCRITOR AUGUSTO CURY,02/10/1958,3,Válido,nao,,114,1.46,1.463226800,JULIO CESAR DELGADO,JÚLIO DELGADO,AVANTE,v,,,,,04/10/2026 19:04:33,sim
1,04/10/2026,6257,Presidente,1,municipio,AC,01120,1200013,ACRELÂNDIA,,,,,DEMOCRATA,i,DEMOCRATA,0,35,DEMOCRATA,DEMOCRATA,,35,280002548139,WILSON GRASSI JUNIOR,VETERINÁRIO WILSON GRASSI,13/03/1970,11,Válido,nao,,0,0.00,0,SUÊD HAIDAR NOGUEIRA,SUÊD HAIDAR,DEMOCRATA,v,,,,,04/10/2026 19:04:33,sim
1,04/10/2026,6257,Presidente,1,municipio,AC,01120,1200013,ACRELÂNDIA,,,,,UNIDADE POPULAR,i,UP,0,80,UP,UNIDADE POPULAR,,80,280002538811,SAMARA MARTINS DA SILVA FEITOSA,SAMARA,31/08/1987,7,Válido,nao,,2,0.03,0.025670646,RAQUEL NONATO DE BRICIO,RAQUEL BRÍCIO,UP,v,,,,,04/10/2026 19:04:33,sim
1,04/10/2026,6257,Presidente,1,municipio,AC,01120,1200013,ACRELÂNDIA,,,,,PARTIDO MISSÃO,i,MISSÃO,0,14,MISSÃO,PARTIDO MISSÃO,,14,280002540694,RENAN ANTONIO FERREIRA DOS SANTOS,RENAN SANTOS,14/02/1984,5,Válido,nao,,85,1.09,1.091002439,AROLDO MEDINA,CORONEL MEDINA,MISSÃO,v,,,,,04/10/2026 19:04:33,sim
1,04/10/2026,6257,Presidente,1,municipio,AC,01120,1200013,ACRELÂNDIA,,,,,PARTIDO DA CAUSA OPERÁRIA,i,PCO,0,29,PCO,PARTIDO DA CAUSA OPERÁRIA,,29,280002552487,RUI COSTA PIMENTA,RUI COSTA PIMENTA,25/06/1957,12,Válido,nao,,0,0.00,0,ANTONIO CARLOS SILVA,ANTÔNIO CARLOS,PCO,v,,,,,04/10/2026 19:04:33,sim
1,04/10/2026,6257,Presidente,1,municipio,AC,01139,1200302,FEIJÓ,,,,,PARTIDO LIBERAL,i,PL,0,22,PL,PARTIDO LIBERAL,,22,280002551544,FLAVIO NANTES BOLSONARO,FLAVIO BOLSONARO,30/04/1981,1,Válido,nao,,9069,52.43,52.434088807,ALFREDO GASPAR DE MENDONÇA NETO,ALFREDO GASPAR,PL,v,,,,,04/10/2026 20:10:45,sim
1,04/10/2026,6257,Presidente,1,municipio,AC,01139,1200302,FEIJÓ,,,,,PARTIDO SOCIAL DEMOCRÁTICO,i,PSD,0,55,PSD,PARTIDO SOCIAL DEMOCRÁTICO,,55,280002551932,RONALDO RAMOS CAIADO,RONALDO CAIADO,25/09/1949,5,Válido,nao,,214,1.24,1.237280296,GILBERTO KASSAB,GILBERTO KASSAB,PSD,v,,,,,04/10/2026 20:10:45,sim
1,04/10/2026,6257,Presidente,1,municipio,AC,01139,1200302,FEIJÓ,,PT/PC do B/PV,FEDERAÇÃO BRASIL DA ESPERANÇA - FE BRASIL,PT/PC do B/PV,BRASIL PRONTO PRA MAIS,c,PSB / PDT / PCDOB / PT / PV / PSOL / REDE,,13,PT,PARTIDO DOS TRABALHADORES,101,13,280002542548,LUIZ INÁCIO LULA DA SILVA,LULA,06/10/1945,2,Válido,nao,,7435,42.99,42.986817761,GERALDO JOSE RODRIGUES ALCKMIN FILHO,GERALDO ALCKMIN,PSB,v,,,,,04/10/2026 20:10:45,sim
1,04/10/2026,6257,Presidente,1,municipio,AC,01139,1200302,FEIJÓ,,,,,DEMOCRACIA CRISTÃ,i,DC,0,27,DC,DEMOCRACIA CRISTÃ,,27,280002552484,CLARIANA ZACARKIM BARAO,CLARIANA BARAO,03/04/1987,9,Válido,nao,,6,0.03,0.034690102,FABIANA CRISTINA TAVARES TORQUATO,FABIANA TORQUATO,DC,v,,,,,04/10/2026 20:10:45,sim
1,04/10/2026,6257,Presidente,1,municipio,AC,01139,1200302,FEIJÓ,,,,,PARTIDO COMUNISTA BRASILEIRO,i,PCB,0,21,PCB,PARTIDO COMUNISTA BRASILEIRO,,21,280002551975,EDMILSON SILVA COSTA,EDMILSON COSTA,08/04/1950,10,Válido,nao,,3,0.02,0.017345051,CLEUSA DOS SANTOS,CLEUSA SANTOS,PCB,v,,,,,04/10/2026 20:10:45,sim
1,04/10/2026,6257,Presidente,1,municipio,AC,01139,1200302,FEIJÓ,,,,,PARTIDO SOCIALISTA  DOS TRABALHADORES UNIFICADO,i,PSTU,0,16,PSTU,PARTIDO SOCIALISTA  DOS TRABALHADORES UNIFICADO,,16,280002541457,HERTZ DA CONCEICAO DIAS,HERTZ DIAS,20/10/1970,8,Válido,nao,,1,0.01,0.005781684,VANESSA PORTUGAL BARBOSA,VANESSA PORTUGAL,PSTU,v,,,,,04/10/2026 20:10:45,sim
1,04/10/2026,6257,Presidente,1,municipio,AC,01139,1200302,FEIJÓ,,,,,BRASIL DOS NOSSOS SONHOS,c,AGIR / AVANTE,,70,AVANTE,AVANTE,,70,280002551547,AUGUSTO JORGE CURY,ESCRITOR AUGUSTO CURY,02/10/1958,3,Válido,nao,,384,2.22,2.220166512,JULIO CESAR DELGADO,JÚLIO DELGADO,AVANTE,v,,,,,04/10/2026 20:10:45,sim
1,04/10/2026,6257,Presidente,1,municipio,AC,01139,1200302,FEIJÓ,,,,,PARTIDO NOVO,i,NOVO,0,30,NOVO,PARTIDO NOVO,,30,280002539826,ROMEU ZEMA NETO,ZEMA,28/10/1964,6,Válido,nao,,14,0.08,0.080943571,LUIS EDUARDO GRANGEIRO GIRÃO,EDUARDO GIRÃO,NOVO,v,,,,,04/10/2026 20:10:45,sim
1,04/10/2026,6257,Presidente,1,municipio,AC,01139,1200302,FEIJÓ,,,,,UNIDADE POPULAR,i,UP,0,80,UP,UNIDADE POPULAR,,80,280002538811,SAMARA MARTINS DA SILVA FEITOSA,SAMARA,31/08/1987,7,Válido,nao,,10,0.06,0.057816836,RAQUEL NONATO DE BRICIO,RAQUEL BRÍCIO,UP,v,,,,,04/10/2026 20:10:45,sim
1,04/10/2026,6257,Presidente,1,municipio,AC,01139,1200302,FEIJÓ,,,,,DEMOCRATA,i,DEMOCRATA,0,35,DEMOCRATA,DEMOCRATA,,35,280002548139,WILSON GRASSI JUNIOR,VETERINÁRIO WILSON GRASSI,13/03/1970,11,Válido,nao,,1,0.01,0.005781684,SUÊD HAIDAR NOGUEIRA,SUÊD HAIDAR,DEMOCRATA,v,,,,,04/10/2026 20:10:45,sim
1,04/10/2026,6257,Presidente,1,municipio,AC,01139,1200302,FEIJÓ,,,,,PARTIDO MISSÃO,i,MISSÃO,0,14,MISSÃO,PARTIDO MISSÃO,,14,280002540694,RENAN ANTONIO FERREIRA DOS SANTOS,RENAN SANTOS,14/02/1984,4,Válido,nao,,157,0.91,0.907724329,AROLDO MEDINA,CORONEL MEDINA,MISSÃO,v,,,,,04/10/2026 20:10:45,sim
1,04/10/2026,6257,Presidente,1,municipio,AC,01139,1200302,FEIJÓ,,,,,PARTIDO DA CAUSA OPERÁRIA,i,PCO,0,29,PCO,PARTIDO DA CAUSA OPERÁRIA,,29,280002552487,RUI COSTA PIMENTA,RUI COSTA PIMENTA,25/06/1957,12,Válido,nao,,2,0.01,0.011563367,ANTONIO CARLOS SILVA,ANTÔNIO CARLOS,PCO,v,,,,,04/10/2026 20:10:45,sim
1,04/10/2026,6257,Presidente,1,municipio,AC,01392,1200401,RIO BRANCO,,,,,PARTIDO LIBERAL,i,PL,0,22,PL,PARTIDO LIBERAL,,22,280002551544,FLAVIO NANTES BOLSONARO,FLAVIO BOLSONARO,30/04/1981,1,Válido,nao,,131895,63.76,63.762363793,ALFREDO GASPAR DE MENDONÇA NETO,ALFREDO GASPAR,PL,v,,,,,04/10/2026 20:42:26,sim
1,04/10/2026,6257,Presidente,1,municipio,AC,01392,1200401,RIO BRANCO,,,,,PARTIDO SOCIAL DEMOCRÁTICO,i,PSD,0,55,PSD,PARTIDO SOCIAL DEMOCRÁTICO,,55,280002551932,RONALDO RAMOS CAIADO,RONALDO CAIADO,25/09/1949,5,Válido,nao,,5143,2.49,2.486294681,GILBERTO KASSAB,GILBERTO KASSAB,PSD,v,,,,,04/10/2026 20:42:26,sim
1,04/10/2026,6257,Presidente,1,municipio,AC,01392,1200401,RIO BRANCO,,PT/PC do B/PV,FEDERAÇÃO BRASIL DA ESPERANÇA - FE BRASIL,PT/PC do B/PV,BRASIL PRONTO PRA MAIS,c,PSB / PDT / PCDOB / PT / PV / PSOL / REDE,,13,PT,PARTIDO DOS TRABALHADORES,101,13,280002542548,LUIZ INÁCIO LULA DA SILVA,LULA,06/10/1945,2,Válido,nao,,56423,27.28,27.276726580,GERALDO JOSE RODRIGUES ALCKMIN FILHO,GERALDO ALCKMIN,PSB,v,,,,,04/10/2026 20:42:26,sim
1,04/10/2026,6257,Presidente,1,municipio,AC,01392,1200401,RIO BRANCO,,,,,DEMOCRACIA CRISTÃ,i,DC,0,27,DC,DEMOCRACIA CRISTÃ,,27,280002552484,CLARIANA ZACARKIM BARAO,CLARIANA BARAO,03/04/1987,9,Válido,nao,,113,0.05,0.054627902,FABIANA CRISTINA TAVARES TORQUATO,FABIANA TORQUATO,DC,v,,,,,04/10/2026 20:42:26,sim
1,04/10/2026,6257,Presidente,1,municipio,AC,01392,1200401,RIO BRANCO,,,,,PARTIDO COMUNISTA BRASILEIRO,i,PCB,0,21,PCB,PARTIDO COMUNISTA BRASILEIRO,,21,280002551975,EDMILSON SILVA COSTA,EDMILSON COSTA,08/04/1950,10,Válido,nao,,72,0.03,0.034807159,CLEUSA DOS SANTOS,CLEUSA SANTOS,PCB,v,,,,,04/10/2026 20:42:26,sim
1,04/10/2026,6257,Presidente,1,municipio,AC,01392,1200401,RIO BRANCO,,,,,PARTIDO SOCIALISTA  DOS TRABALHADORES UNIFICADO,i,PSTU,0,16,PSTU,PARTIDO SOCIALISTA  DOS TRABALHADORES UNIFICADO,,16,280002541457,HERTZ DA CONCEICAO DIAS,HERTZ DIAS,20/10/1970,8,Válido,nao,,46,0.02,0.022237907,VANESSA PORTUGAL BARBOSA,VANESSA PORTUGAL,PSTU,v,,,,,04/10/2026 20:42:26,sim
1,04/10/2026,6257,Presidente,1,municipio,AC,01392,1200401,RIO BRANCO,,,,,BRASIL DOS NOSSOS SONHOS,c,AGIR / AVANTE,,70,AVANTE,AVANTE,,70,280002551547,AUGUSTO JORGE CURY,ESCRITOR AUGUSTO CURY,02/10/1958,3,Válido,nao,,7747,3.75,3.745153587,JULIO CESAR DELGADO,JÚLIO DELGADO,AVANTE,v,,,,,04/10/2026 20:42:26,sim
1,04/10/2026,6257,Presidente,1,municipio,AC,01392,1200401,RIO BRANCO,,,,,PARTIDO NOVO,i,NOVO,0,30,NOVO,PARTIDO NOVO,,30,280002539826,ROMEU ZEMA NETO,ZEMA,28/10/1964,6,Válido,nao,,359,0.17,0.173552361,LUIS EDUARDO GRANGEIRO GIRÃO,EDUARDO GIRÃO,NOVO,v,,,,,04/10/2026 20:42:26,sim
1,04/10/2026,6257,Presidente,1,municipio,AC,01392,1200401,RIO BRANCO,,,,,UNIDADE POPULAR,i,UP,0,80,UP,UNIDADE POPULAR,,80,280002538811,SAMARA MARTINS DA SILVA FEITOSA,SAMARA,31/08/1987,7,Válido,nao,,201,0.10,0.097169985,RAQUEL NONATO DE BRICIO,RAQUEL BRÍCIO,UP,v,,,,,04/10/2026 20:42:26,sim
1,04/10/2026,6257,Presidente,1,municipio,AC,01392,1200401,RIO BRANCO,,,,,DEMOCRATA,i,DEMOCRATA,0,35,DEMOCRATA,DEMOCRATA,,35,280002548139,WILSON GRASSI JUNIOR,VETERINÁRIO WILSON GRASSI,13/03/1970,11,Válido,nao,,24,0.01,0.011602386,SUÊD HAIDAR NOGUEIRA,SUÊD HAIDAR,DEMOCRATA,v,,,,,04/10/2026 20:42:26,sim
1,04/10/2026,6257,Presidente,1,municipio,AC,01392,1200401,RIO BRANCO,,,,,PARTIDO MISSÃO,i,MISSÃO,0,14,MISSÃO,PARTIDO MISSÃO,,14,280002540694,RENAN ANTONIO FERREIRA DOS SANTOS,RENAN SANTOS,14/02/1984,4,Válido,nao,,4808,2.32,2.324344707,AROLDO MEDINA,CORONEL MEDINA,MISSÃO,v,,,,,04/10/2026 20:42:26,sim
1,04/10/2026,6257,Presidente,1,municipio,AC,01392,1200401,RIO BRANCO,,,,,PARTIDO DA CAUSA OPERÁRIA,i,PCO,0,29,PCO,PARTIDO DA CAUSA OPERÁRIA,,29,280002552487,RUI COSTA PIMENTA,RUI COSTA PIMENTA,25/06/1957,12,Válido,nao,,23,0.01,0.011118953,ANTONIO CARLOS SILVA,ANTÔNIO CARLOS,PCO,v,,,,,04/10/2026 20:42:26,sim
1,04/10/2026,6257,Presidente,1,municipio,AC,01457,1200500,SENA MADUREIRA,,,,,PARTIDO LIBERAL,i,PL,0,22,PL,PARTIDO LIBERAL,,22,280002551544,FLAVIO NANTES BOLSONARO,FLAVIO BOLSONARO,30/04/1981,1,Válido,nao,,16640,70.38,70.383216310,ALFREDO GASPAR DE MENDONÇA NETO,ALFREDO GASPAR,PL,v,,,,,04/10/2026 20:55:40,sim
1,04/10/2026,6257,Presidente,1,municipio,AC,01457,1200500,SENA MADUREIRA,,,,,PARTIDO SOCIAL DEMOCRÁTICO,i,PSD,0,55,PSD,PARTIDO SOCIAL DEMOCRÁTICO,,55,280002551932,RONALDO RAMOS CAIADO,RONALDO CAIADO,25/09/1949,5,Válido,nao,,284,1.20,1.201252009,GILBERTO KASSAB,GILBERTO KASSAB,PSD,v,,,,,04/10/2026 20:55:40,sim
1,04/10/2026,6257,Presidente,1,municipio,AC,01457,1200500,SENA MADUREIRA,,PT/PC do B/PV,FEDERAÇÃO BRASIL DA ESPERANÇA - FE BRASIL,PT/PC do B/PV,BRASIL PRONTO PRA MAIS,c,PSB / PDT / PCDOB / PT / PV / PSOL / REDE,,13,PT,PARTIDO DOS TRABALHADORES,101,13,280002542548,LUIZ INÁCIO LULA DA SILVA,LULA,06/10/1945,2,Válido,nao,,5787,24.48,24.477624566,GERALDO JOSE RODRIGUES ALCKMIN FILHO,GERALDO ALCKMIN,PSB,v,,,,,04/10/2026 20:55:40,sim
1,04/10/2026,6257,Presidente,1,municipio,AC,01457,1200500,SENA MADUREIRA,,,,,DEMOCRACIA CRISTÃ,i,DC,0,27,DC,DEMOCRACIA CRISTÃ,,27,280002552484,CLARIANA ZACARKIM BARAO,CLARIANA BARAO,03/04/1987,9,Válido,nao,,2,0.01,0.008459521,FABIANA CRISTINA TAVARES TORQUATO,FABIANA TORQUATO,DC,v,,,,,04/10/2026 20:55:40,sim
1,04/10/2026,6257,Presidente,1,municipio,AC,01457,1200500,SENA MADUREIRA,,,,,PARTIDO COMUNISTA BRASILEIRO,i,PCB,0,21,PCB,PARTIDO COMUNISTA BRASILEIRO,,21,280002551975,EDMILSON SILVA COSTA,EDMILSON COSTA,08/04/1950,10,Válido,nao,,5,0.02,0.021148803,CLEUSA DOS SANTOS,CLEUSA SANTOS,PCB,v,,,,,04/10/2026 20:55:40,sim
1,04/10/2026,6257,Presidente,1,municipio,AC,01457,1200500,SENA MADUREIRA,,,,,PARTIDO SOCIALISTA  DOS TRABALHADORES UNIFICADO,i,PSTU,0,16,PSTU,PARTIDO SOCIALISTA  DOS TRABALHADORES UNIFICADO,,16,280002541457,HERTZ DA CONCEICAO DIAS,HERTZ DIAS,20/10/1970,8,Válido,nao,,3,0.01,0.012689282,VANESSA PORTUGAL BARBOSA,VANESSA PORTUGAL,PSTU,v,,,,,04/10/2026 20:55:40,sim
1,04/10/2026,6257,Presidente,1,municipio,AC,01457,1200500,SENA MADUREIRA,,,,,BRASIL DOS NOSSOS SONHOS,c,AGIR / AVANTE,,70,AVANTE,AVANTE,,70,280002551547,AUGUSTO JORGE CURY,ESCRITOR AUGUSTO CURY,02/10/1958,3,Válido,nao,,542,2.29,2.292530243,JULIO CESAR DELGADO,JÚLIO DELGADO,AVANTE,v,,,,,04/10/2026 20:55:40,sim
1,04/10/2026,6257,Presidente,1,municipio,AC,01457,1200500,SENA MADUREIRA,,,,,PARTIDO NOVO,i,NOVO,0,30,NOVO,PARTIDO NOVO,,30,280002539826,ROMEU ZEMA NETO,ZEMA,28/10/1964,6,Válido,nao,,15,0.06,0.063446409,LUIS EDUARDO GRANGEIRO GIRÃO,EDUARDO GIRÃO,NOVO,v,,,,,04/10/2026 20:55:40,sim
1,04/10/2026,6257,Presidente,1,municipio,AC,01457,1200500,SENA MADUREIRA,,,,,UNIDADE POPULAR,i,UP,0,80,UP,UNIDADE POPULAR,,80,280002538811,SAMARA MARTINS DA SILVA FEITOSA,SAMARA,31/08/1987,7,Válido,nao,,15,0.06,0.063446409,RAQUEL NONATO DE BRICIO,RAQUEL BRÍCIO,UP,v,,,,,04/10/2026 20:55:40,sim
1,04/10/2026,6257,Presidente,1,municipio,AC,01457,1200500,SENA MADUREIRA,,,,,DEMOCRATA,i,DEMOCRATA,0,35,DEMOCRATA,DEMOCRATA,,35,280002548139,WILSON GRASSI JUNIOR,VETERINÁRIO WILSON GRASSI,13/03/1970,11,Válido,nao,,0,0.00,0,SUÊD HAIDAR NOGUEIRA,SUÊD HAIDAR,DEMOCRATA,v,,,,,04/10/2026 20:55:40,sim
1,04/10/2026,6257,Presidente,1,municipio,AC,01457,1200500,SENA MADUREIRA,,,,,PARTIDO MISSÃO,i,MISSÃO,0,14,MISSÃO,PARTIDO MISSÃO,,14,280002540694,RENAN ANTONIO FERREIRA DOS SANTOS,RENAN SANTOS,14/02/1984,4,Válido,nao,,348,1.47,1.471956687,AROLDO MEDINA,CORONEL MEDINA,MISSÃO,v,,,,,04/10/2026 20:55:40,sim
1,04/10/2026,6257,Presidente,1,municipio,AC,01457,1200500,SENA MADUREIRA,,,,,PARTIDO DA CAUSA OPERÁRIA,i,PCO,0,29,PCO,PARTIDO DA CAUSA OPERÁRIA,,29,280002552487,RUI COSTA PIMENTA,RUI COSTA PIMENTA,25/06/1957,12,Válido,nao,,1,0.01,0.004229761,ANTONIO CARLOS SILVA,ANTÔNIO CARLOS,PCO,v,,,,,04/10/2026 20:55:40,sim
1,04/10/2026,6257,Presidente,1,municipio,AC,01473,1200609,TARAUACÁ,,,,,PARTIDO LIBERAL,i,PL,0,22,PL,PARTIDO LIBERAL,,22,280002551544,FLAVIO NANTES BOLSONARO,FLAVIO BOLSONARO,30/04/1981,1,Válido,nao,,12435,57.82,57.815696485,ALFREDO GASPAR DE MENDONÇA NETO,ALFREDO GASPAR,PL,v,,,,,04/10/2026 20:41:26,sim
1,04/10/2026,6257,Presidente,1,municipio,AC,01473,1200609,TARAUACÁ,,,,,PARTIDO SOCIAL DEMOCRÁTICO,i,PSD,0,55,PSD,PARTIDO SOCIAL DEMOCRÁTICO,,55,280002551932,RONALDO RAMOS CAIADO,RONALDO CAIADO,25/09/1949,5,Válido,nao,,266,1.24,1.236749117,GILBERTO KASSAB,GILBERTO KASSAB,PSD,v,,,,,04/10/2026 20:41:26,sim
1,04/10/2026,6257,Presidente,1,municipio,AC,01473,1200609,TARAUACÁ,,PT/PC do B/PV,FEDERAÇÃO BRASIL DA ESPERANÇA - FE BRASIL,PT/PC do B/PV,BRASIL PRONTO PRA MAIS,c,PSB / PDT / PCDOB / PT / PV / PSOL / REDE,,13,PT,PARTIDO DOS TRABALHADORES,101,13,280002542548,LUIZ INÁCIO LULA DA SILVA,LULA,06/10/1945,2,Válido,nao,,8099,37.66,37.655755998,GERALDO JOSE RODRIGUES ALCKMIN FILHO,GERALDO ALCKMIN,PSB,v,,,,,04/10/2026 20:41:26,sim
1,04/10/2026,6257,Presidente,1,municipio,AC,01473,1200609,TARAUACÁ,,,,,PARTIDO SOCIALISTA  DOS TRABALHADORES UNIFICADO,i,PSTU,0,16,PSTU,PARTIDO SOCIALISTA  DOS TRABALHADORES UNIFICADO,,16,280002541457,HERTZ DA CONCEICAO DIAS,HERTZ DIAS,20/10/1970,8,Válido,nao,,0,0.00,0,VANESSA PORTUGAL BARBOSA,VANESSA PORTUGAL,PSTU,v,,,,,04/10/2026 20:41:26,sim
1,04/10/2026,6257,Presidente,1,municipio,AC,01473,1200609,TARAUACÁ,,,,,PARTIDO COMUNISTA BRASILEIRO,i,PCB,0,21,PCB,PARTIDO COMUNISTA BRASILEIRO,,21,280002551975,EDMILSON SILVA COSTA,EDMILSON COSTA,08/04/1950,10,Válido,nao,,5,0.02,0.023247164,CLEUSA DOS SANTOS,CLEUSA SANTOS,PCB,v,,,,,04/10/2026 20:41:26,sim
1,04/10/2026,6257,Presidente,1,municipio,AC,01473,1200609,TARAUACÁ,,,,,DEMOCRACIA CRISTÃ,i,DC,0,27,DC,DEMOCRACIA CRISTÃ,,27,280002552484,CLARIANA ZACARKIM BARAO,CLARIANA BARAO,03/04/1987,9,Válido,nao,,37,0.17,0.172029012,FABIANA CRISTINA TAVARES TORQUATO,FABIANA TORQUATO,DC,v,,,,,04/10/2026 20:41:26,sim
1,04/10/2026,6257,Presidente,1,municipio,AC,01473,1200609,TARAUACÁ,,,,,PARTIDO NOVO,i,NOVO,0,30,NOVO,PARTIDO NOVO,,30,280002539826,ROMEU ZEMA NETO,ZEMA,28/10/1964,6,Válido,nao,,51,0.24,0.237121071,LUIS EDUARDO GRANGEIRO GIRÃO,EDUARDO GIRÃO,NOVO,v,,,,,04/10/2026 20:41:26,sim
1,04/10/2026,6257,Presidente,1,municipio,AC,01473,1200609,TARAUACÁ,,,,,BRASIL DOS NOSSOS SONHOS,c,AGIR / AVANTE,,70,AVANTE,AVANTE,,70,280002551547,AUGUSTO JORGE CURY,ESCRITOR AUGUSTO CURY,02/10/1958,3,Válido,nao,,395,1.84,1.836525944,JULIO CESAR DELGADO,JÚLIO DELGADO,AVANTE,v,,,,,04/10/2026 20:41:26,sim
1,04/10/2026,6257,Presidente,1,municipio,AC,01473,1200609,TARAUACÁ,,,,,DEMOCRATA,i,DEMOCRATA,0,35,DEMOCRATA,DEMOCRATA,,35,280002548139,WILSON GRASSI JUNIOR,VETERINÁRIO WILSON GRASSI,13/03/1970,11,Válido,nao,,1,0.01,0.004649433,SUÊD HAIDAR NOGUEIRA,SUÊD HAIDAR,DEMOCRATA,v,,,,,04/10/2026 20:41:26,sim
1,04/10/2026,6257,Presidente,1,municipio,AC,01473,1200609,TARAUACÁ,,,,,UNIDADE POPULAR,i,UP,0,80,UP,UNIDADE POPULAR,,80,280002538811,SAMARA MARTINS DA SILVA FEITOSA,SAMARA,31/08/1987,7,Válido,nao,,13,0.06,0.060442626,RAQUEL NONATO DE BRICIO,RAQUEL BRÍCIO,UP,v,,,,,04/10/2026 20:41:26,sim
1,04/10/2026,6257,Presidente,1,municipio,AC,01473,1200609,TARAUACÁ,,,,,PARTIDO MISSÃO,i,MISSÃO,0,14,MISSÃO,PARTIDO MISSÃO,,14,280002540694,RENAN ANTONIO FERREIRA DOS SANTOS,RENAN SANTOS,14/02/1984,4,Válido,nao,,206,0.96,0.957783150,AROLDO MEDINA,CORONEL MEDINA,MISSÃO,v,,,,,04/10/2026 20:41:26,sim
1,04/10/2026,6257,Presidente,1,municipio,AC,01473,1200609,TARAUACÁ,,,,,PARTIDO DA CAUSA OPERÁRIA,i,PCO,0,29,PCO,PARTIDO DA CAUSA OPERÁRIA,,29,280002552487,RUI COSTA PIMENTA,RUI COSTA PIMENTA,25/06/1957,12,Válido,nao,,0,0.00,0,ANTONIO CARLOS SILVA,ANTÔNIO CARLOS,PCO,v,,,,,04/10/2026 20:41:26,sim
1,04/10/2026,6257,Presidente,1,municipio,AC,01490,1200708,XAPURI,,,,,PARTIDO LIBERAL,i,PL,0,22,PL,PARTIDO LIBERAL,,22,280002551544,FLAVIO NANTES BOLSONARO,FLAVIO BOLSONARO,30/04/1981,1,Válido,nao,,6055,61.76,61.760505916,ALFREDO GASPAR DE MENDONÇA NETO,ALFREDO GASPAR,PL,v,,,,,04/10/2026 20:19:36,sim
1,04/10/2026,6257,Presidente,1,municipio,AC,01490,1200708,XAPURI,,,,,PARTIDO SOCIAL DEMOCRÁTICO,i,PSD,0,55,PSD,PARTIDO SOCIAL DEMOCRÁTICO,,55,280002551932,RONALDO RAMOS CAIADO,RONALDO CAIADO,25/09/1949,5,Válido,nao,,98,1.00,0.999592003,GILBERTO KASSAB,GILBERTO KASSAB,PSD,v,,,,,04/10/2026 20:19:36,sim
1,04/10/2026,6257,Presidente,1,municipio,AC,01490,1200708,XAPURI,,PT/PC do B/PV,FEDERAÇÃO BRASIL DA ESPERANÇA - FE BRASIL,PT/PC do B/PV,BRASIL PRONTO PRA MAIS,c,PSB / PDT / PCDOB / PT / PV / PSOL / REDE,,13,PT,PARTIDO DOS TRABALHADORES,101,13,280002542548,LUIZ INÁCIO LULA DA SILVA,LULA,06/10/1945,2,Válido,nao,,3366,34.33,34.332925337,GERALDO JOSE RODRIGUES ALCKMIN FILHO,GERALDO ALCKMIN,PSB,v,,,,,04/10/2026 20:19:36,sim
1,04/10/2026,6257,Presidente,1,municipio,AC,01490,1200708,XAPURI,,,,,PARTIDO SOCIALISTA  DOS TRABALHADORES UNIFICADO,i,PSTU,0,16,PSTU,PARTIDO SOCIALISTA  DOS TRABALHADORES UNIFICADO,,16,280002541457,HERTZ DA CONCEICAO DIAS,HERTZ DIAS,20/10/1970,8,Válido,nao,,1,0.01,0.010199918,VANESSA PORTUGAL BARBOSA,VANESSA PORTUGAL,PSTU,v,,,,,04/10/2026 20:19:36,sim
1,04/10/2026,6257,Presidente,1,municipio,AC,01490,1200708,XAPURI,,,,,PARTIDO COMUNISTA BRASILEIRO,i,PCB,0,21,PCB,PARTIDO COMUNISTA BRASILEIRO,,21,280002551975,EDMILSON SILVA COSTA,EDMILSON COSTA,08/04/1950,10,Válido,nao,,4,0.04,0.040799674,CLEUSA DOS SANTOS,CLEUSA SANTOS,PCB,v,,,,,04/10/2026 20:19:36,sim
1,04/10/2026,6257,Presidente,1,municipio,AC,01490,1200708,XAPURI,,,,,DEMOCRACIA CRISTÃ,i,DC,0,27,DC,DEMOCRACIA CRISTÃ,,27,280002552484,CLARIANA ZACARKIM BARAO,CLARIANA BARAO,03/04/1987,9,Válido,nao,,4,0.04,0.040799674,FABIANA CRISTINA TAVARES TORQUATO,FABIANA TORQUATO,DC,v,,,,,04/10/2026 20:19:36,sim
1,04/10/2026,6257,Presidente,1,municipio,AC,01490,1200708,XAPURI,,,,,PARTIDO NOVO,i,NOVO,0,30,NOVO,PARTIDO NOVO,,30,280002539826,ROMEU ZEMA NETO,ZEMA,28/10/1964,6,Válido,nao,,2,0.02,0.020399837,LUIS EDUARDO GRANGEIRO GIRÃO,EDUARDO GIRÃO,NOVO,v,,,,,04/10/2026 20:19:36,sim
1,04/10/2026,6257,Presidente,1,municipio,AC,01490,1200708,XAPURI,,,,,BRASIL DOS NOSSOS SONHOS,c,AGIR / AVANTE,,70,AVANTE,AVANTE,,70,280002551547,AUGUSTO JORGE CURY,ESCRITOR AUGUSTO CURY,02/10/1958,3,Válido,nao,,140,1.43,1.427988576,JULIO CESAR DELGADO,JÚLIO DELGADO,AVANTE,v,,,,,04/10/2026 20:19:36,sim
1,04/10/2026,6257,Presidente,1,municipio,AC,01490,1200708,XAPURI,,,,,DEMOCRATA,i,DEMOCRATA,0,35,DEMOCRATA,DEMOCRATA,,35,280002548139,WILSON GRASSI JUNIOR,VETERINÁRIO WILSON GRASSI,13/03/1970,11,Válido,nao,,0,0.00,0,SUÊD HAIDAR NOGUEIRA,SUÊD HAIDAR,DEMOCRATA,v,,,,,04/10/2026 20:19:36,sim
1,04/10/2026,6257,Presidente,1,municipio,AC,01490,1200708,XAPURI,,,,,UNIDADE POPULAR,i,UP,0,80,UP,UNIDADE POPULAR,,80,280002538811,SAMARA MARTINS DA SILVA FEITOSA,SAMARA,31/08/1987,7,Válido,nao,,5,0.05,0.050999592,RAQUEL NONATO DE BRICIO,RAQUEL BRÍCIO,UP,v,,,,,04/10/2026 20:19:36,sim
1,04/10/2026,6257,Presidente,1,municipio,AC,01490,1200708,XAPURI,,,,,PARTIDO MISSÃO,i,MISSÃO,0,14,MISSÃO,PARTIDO MISSÃO,,14,280002540694,RENAN ANTONIO FERREIRA DOS SANTOS,RENAN SANTOS,14/02/1984,4,Válido,nao,,129,1.32,1.315789474,AROLDO MEDINA,CORONEL MEDINA,MISSÃO,v,,,,,04/10/2026 20:19:36,sim
1,04/10/2026,6257,Presidente,1,municipio,AC,01490,1200708,XAPURI,,,,,PARTIDO DA CAUSA OPERÁRIA,i,PCO,0,29,PCO,PARTIDO DA CAUSA OPERÁRIA,,29,280002552487,RUI COSTA PIMENTA,RUI COSTA PIMENTA,25/06/1957,12,Válido,nao,,0,0.00,0,ANTONIO CARLOS SILVA,ANTÔNIO CARLOS,PCO,v,,,,,04/10/2026 20:19:36,sim
1,04/10/2026,6257,Presidente,1,municipio,AC,01511,1200385,PLÁCIDO DE CASTRO,,,,,PARTIDO LIBERAL,i,PL,0,22,PL,PARTIDO LIBERAL,,22,280002551544,FLAVIO NANTES BOLSONARO,FLAVIO BOLSONARO,30/04/1981,1,Válido,nao,,6580,68.77,68.770903010,ALFREDO GASPAR DE MENDONÇA NETO,ALFREDO GASPAR,PL,v,,,,,04/10/2026 18:49:53,sim
1,04/10/2026,6257,Presidente,1,municipio,AC,01511,1200385,PLÁCIDO DE CASTRO,,,,,PARTIDO SOCIAL DEMOCRÁTICO,i,PSD,0,55,PSD,PARTIDO SOCIAL DEMOCRÁTICO,,55,280002551932,RONALDO RAMOS CAIADO,RONALDO CAIADO,25/09/1949,4,Válido,nao,,166,1.73,1.734949833,GILBERTO KASSAB,GILBERTO KASSAB,PSD,v,,,,,04/10/2026 18:49:53,sim
1,04/10/2026,6257,Presidente,1,municipio,AC,01511,1200385,PLÁCIDO DE CASTRO,,PT/PC do B/PV,FEDERAÇÃO BRASIL DA ESPERANÇA - FE BRASIL,PT/PC do B/PV,BRASIL PRONTO PRA MAIS,c,PSB / PDT / PCDOB / PT / PV / PSOL / REDE,,13,PT,PARTIDO DOS TRABALHADORES,101,13,280002542548,LUIZ INÁCIO LULA DA SILVA,LULA,06/10/1945,2,Válido,nao,,2473,25.85,25.846571906,GERALDO JOSE RODRIGUES ALCKMIN FILHO,GERALDO ALCKMIN,PSB,v,,,,,04/10/2026 18:49:53,sim
1,04/10/2026,6257,Presidente,1,municipio,AC,01511,1200385,PLÁCIDO DE CASTRO,,,,,DEMOCRACIA CRISTÃ,i,DC,0,27,DC,DEMOCRACIA CRISTÃ,,27,280002552484,CLARIANA ZACARKIM BARAO,CLARIANA BARAO,03/04/1987,9,Válido,nao,,2,0.02,0.020903010,FABIANA CRISTINA TAVARES TORQUATO,FABIANA TORQUATO,DC,v,,,,,04/10/2026 18:49:53,sim
1,04/10/2026,6257,Presidente,1,municipio,AC,01511,1200385,PLÁCIDO DE CASTRO,,,,,PARTIDO COMUNISTA BRASILEIRO,i,PCB,0,21,PCB,PARTIDO COMUNISTA BRASILEIRO,,21,280002551975,EDMILSON SILVA COSTA,EDMILSON COSTA,08/04/1950,10,Válido,nao,,1,0.01,0.010451505,CLEUSA DOS SANTOS,CLEUSA SANTOS,PCB,v,,,,,04/10/2026 18:49:53,sim
1,04/10/2026,6257,Presidente,1,municipio,AC,01511,1200385,PLÁCIDO DE CASTRO,,,,,PARTIDO SOCIALISTA  DOS TRABALHADORES UNIFICADO,i,PSTU,0,16,PSTU,PARTIDO SOCIALISTA  DOS TRABALHADORES UNIFICADO,,16,280002541457,HERTZ DA CONCEICAO DIAS,HERTZ DIAS,20/10/1970,8,Válido,nao,,2,0.02,0.020903010,VANESSA PORTUGAL BARBOSA,VANESSA PORTUGAL,PSTU,v,,,,,04/10/2026 18:49:53,sim
1,04/10/2026,6257,Presidente,1,municipio,AC,01511,1200385,PLÁCIDO DE CASTRO,,,,,BRASIL DOS NOSSOS SONHOS,c,AGIR / AVANTE,,70,AVANTE,AVANTE,,70,280002551547,AUGUSTO JORGE CURY,ESCRITOR AUGUSTO CURY,02/10/1958,3,Válido,nao,,213,2.23,2.226170569,JULIO CESAR DELGADO,JÚLIO DELGADO,AVANTE,v,,,,,04/10/2026 18:49:53,sim
1,04/10/2026,6257,Presidente,1,municipio,AC,01511,1200385,PLÁCIDO DE CASTRO,,,,,PARTIDO NOVO,i,NOVO,0,30,NOVO,PARTIDO NOVO,,30,280002539826,ROMEU ZEMA NETO,ZEMA,28/10/1964,6,Válido,nao,,5,0.05,0.052257525,LUIS EDUARDO GRANGEIRO GIRÃO,EDUARDO GIRÃO,NOVO,v,,,,,04/10/2026 18:49:53,sim
1,04/10/2026,6257,Presidente,1,municipio,AC,01511,1200385,PLÁCIDO DE CASTRO,,,,,UNIDADE POPULAR,i,UP,0,80,UP,UNIDADE POPULAR,,80,280002538811,SAMARA MARTINS DA SILVA FEITOSA,SAMARA,31/08/1987,7,Válido,nao,,5,0.05,0.052257525,RAQUEL NONATO DE BRICIO,RAQUEL BRÍCIO,UP,v,,,,,04/10/2026 18:49:53,sim
1,04/10/2026,6257,Presidente,1,municipio,AC,01511,1200385,PLÁCIDO DE CASTRO,,,,,DEMOCRATA,i,DEMOCRATA,0,35,DEMOCRATA,DEMOCRATA,,35,280002548139,WILSON GRASSI JUNIOR,VETERINÁRIO WILSON GRASSI,13/03/1970,11,Válido,nao,,1,0.01,0.010451505,SUÊD HAIDAR NOGUEIRA,SUÊD HAIDAR,DEMOCRATA,v,,,,,04/10/2026 18:49:53,sim
1,04/10/2026,6257,Presidente,1,municipio,AC,01511,1200385,PLÁCIDO DE CASTRO,,,,,PARTIDO MISSÃO,i,MISSÃO,0,14,MISSÃO,PARTIDO MISSÃO,,14,280002540694,RENAN ANTONIO FERREIRA DOS SANTOS,RENAN SANTOS,14/02/1984,5,Válido,nao,,120,1.25,1.254180602,AROLDO MEDINA,CORONEL MEDINA,MISSÃO,v,,,,,04/10/2026 18:49:53,sim
1,04/10/2026,6257,Presidente,1,municipio,AC,01511,1200385,PLÁCIDO DE CASTRO,,,,,PARTIDO DA CAUSA OPERÁRIA,i,PCO,0,29,PCO,PARTIDO DA CAUSA OPERÁRIA,,29,280002552487,RUI COSTA PIMENTA,RUI COSTA PIMENTA,25/06/1957,12,Válido,nao,,0,0.00,0,ANTONIO CARLOS SILVA,ANTÔNIO CARLOS,PCO,v,,,,,04/10/2026 18:49:53,sim
1,04/10/2026,6257,Presidente,1,municipio,AC,01538,1200450,SENADOR GUIOMARD,,,,,PARTIDO LIBERAL,i,PL,0,22,PL,PARTIDO LIBERAL,,22,280002551544,FLAVIO NANTES BOLSONARO,FLAVIO BOLSONARO,30/04/1981,1,Válido,nao,,10111,69.46,69.462764496,ALFREDO GASPAR DE MENDONÇA NETO,ALFREDO GASPAR,PL,v,,,,,04/10/2026 19:02:57,sim
1,04/10/2026,6257,Presidente,1,municipio,AC,01538,1200450,SENADOR GUIOMARD,,,,,PARTIDO SOCIAL DEMOCRÁTICO,i,PSD,0,55,PSD,PARTIDO SOCIAL DEMOCRÁTICO,,55,280002551932,RONALDO RAMOS CAIADO,RONALDO CAIADO,25/09/1949,4,Válido,nao,,268,1.84,1.841165155,GILBERTO KASSAB,GILBERTO KASSAB,PSD,v,,,,,04/10/2026 19:02:57,sim
1,04/10/2026,6257,Presidente,1,municipio,AC,01538,1200450,SENADOR GUIOMARD,,PT/PC do B/PV,FEDERAÇÃO BRASIL DA ESPERANÇA - FE BRASIL,PT/PC do B/PV,BRASIL PRONTO PRA MAIS,c,PSB / PDT / PCDOB / PT / PV / PSOL / REDE,,13,PT,PARTIDO DOS TRABALHADORES,101,13,280002542548,LUIZ INÁCIO LULA DA SILVA,LULA,06/10/1945,2,Válido,nao,,3536,24.29,24.292388019,GERALDO JOSE RODRIGUES ALCKMIN FILHO,GERALDO ALCKMIN,PSB,v,,,,,04/10/2026 19:02:57,sim
1,04/10/2026,6257,Presidente,1,municipio,AC,01538,1200450,SENADOR GUIOMARD,,,,,DEMOCRACIA CRISTÃ,i,DC,0,27,DC,DEMOCRACIA CRISTÃ,,27,280002552484,CLARIANA ZACARKIM BARAO,CLARIANA BARAO,03/04/1987,9,Válido,nao,,11,0.08,0.075570212,FABIANA CRISTINA TAVARES TORQUATO,FABIANA TORQUATO,DC,v,,,,,04/10/2026 19:02:57,sim
1,04/10/2026,6257,Presidente,1,municipio,AC,01538,1200450,SENADOR GUIOMARD,,,,,PARTIDO COMUNISTA BRASILEIRO,i,PCB,0,21,PCB,PARTIDO COMUNISTA BRASILEIRO,,21,280002551975,EDMILSON SILVA COSTA,EDMILSON COSTA,08/04/1950,10,Válido,nao,,2,0.01,0.013740038,CLEUSA DOS SANTOS,CLEUSA SANTOS,PCB,v,,,,,04/10/2026 19:02:57,sim
1,04/10/2026,6257,Presidente,1,municipio,AC,01538,1200450,SENADOR GUIOMARD,,,,,PARTIDO SOCIALISTA  DOS TRABALHADORES UNIFICADO,i,PSTU,0,16,PSTU,PARTIDO SOCIALISTA  DOS TRABALHADORES UNIFICADO,,16,280002541457,HERTZ DA CONCEICAO DIAS,HERTZ DIAS,20/10/1970,8,Válido,nao,,0,0.00,0,VANESSA PORTUGAL BARBOSA,VANESSA PORTUGAL,PSTU,v,,,,,04/10/2026 19:02:57,sim
1,04/10/2026,6257,Presidente,1,municipio,AC,01538,1200450,SENADOR GUIOMARD,,,,,BRASIL DOS NOSSOS SONHOS,c,AGIR / AVANTE,,70,AVANTE,AVANTE,,70,280002551547,AUGUSTO JORGE CURY,ESCRITOR AUGUSTO CURY,02/10/1958,3,Válido,nao,,404,2.78,2.775487771,JULIO CESAR DELGADO,JÚLIO DELGADO,AVANTE,v,,,,,04/10/2026 19:02:57,sim
1,04/10/2026,6257,Presidente,1,municipio,AC,01538,1200450,SENADOR GUIOMARD,,,,,PARTIDO NOVO,i,NOVO,0,30,NOVO,PARTIDO NOVO,,30,280002539826,ROMEU ZEMA NETO,ZEMA,28/10/1964,6,Válido,nao,,10,0.07,0.068700192,LUIS EDUARDO GRANGEIRO GIRÃO,EDUARDO GIRÃO,NOVO,v,,,,,04/10/2026 19:02:57,sim
1,04/10/2026,6257,Presidente,1,municipio,AC,01538,1200450,SENADOR GUIOMARD,,,,,UNIDADE POPULAR,i,UP,0,80,UP,UNIDADE POPULAR,,80,280002538811,SAMARA MARTINS DA SILVA FEITOSA,SAMARA,31/08/1987,7,Válido,nao,,18,0.12,0.123660346,RAQUEL NONATO DE BRICIO,RAQUEL BRÍCIO,UP,v,,,,,04/10/2026 19:02:57,sim
1,04/10/2026,6257,Presidente,1,municipio,AC,01538,1200450,SENADOR GUIOMARD,,,,,DEMOCRATA,i,DEMOCRATA,0,35,DEMOCRATA,DEMOCRATA,,35,280002548139,WILSON GRASSI JUNIOR,VETERINÁRIO WILSON GRASSI,13/03/1970,11,Válido,nao,,0,0.00,0,SUÊD HAIDAR NOGUEIRA,SUÊD HAIDAR,DEMOCRATA,v,,,,,04/10/2026 19:02:57,sim
1,04/10/2026,6257,Presidente,1,municipio,AC,01538,1200450,SENADOR GUIOMARD,,,,,PARTIDO MISSÃO,i,MISSÃO,0,14,MISSÃO,PARTIDO MISSÃO,,14,280002540694,RENAN ANTONIO FERREIRA DOS SANTOS,RENAN SANTOS,14/02/1984,5,Válido,nao,,195,1.34,1.339653751,AROLDO MEDINA,CORONEL MEDINA,MISSÃO,v,,,,,04/10/2026 19:02:57,sim
1,04/10/2026,6257,Presidente,1,municipio,AC,01538,1200450,SENADOR GUIOMARD,,,,,PARTIDO DA CAUSA OPERÁRIA,i,PCO,0,29,PCO,PARTIDO DA CAUSA OPERÁRIA,,29,280002552487,RUI COSTA PIMENTA,RUI COSTA PIMENTA,25/06/1957,12,Válido,nao,,1,0.01,0.006870019,ANTONIO CARLOS SILVA,ANTÔNIO CARLOS,PCO,v,,,,,04/10/2026 19:02:57,sim
1,04/10/2026,6257,Presidente,1,municipio,AC,01554,1200344,MANOEL URBANO,,,,,PARTIDO LIBERAL,i,PL,0,22,PL,PARTIDO LIBERAL,,22,280002551544,FLAVIO NANTES BOLSONARO,FLAVIO BOLSONARO,30/04/1981,1,Válido,nao,,3823,59.44,59.437189055,ALFREDO GASPAR DE MENDONÇA NETO,ALFREDO GASPAR,PL,v,,,,,04/10/2026 19:16:08,sim
1,04/10/2026,6257,Presidente,1,municipio,AC,01554,1200344,MANOEL URBANO,,,,,PARTIDO SOCIAL DEMOCRÁTICO,i,PSD,0,55,PSD,PARTIDO SOCIAL DEMOCRÁTICO,,55,280002551932,RONALDO RAMOS CAIADO,RONALDO CAIADO,25/09/1949,5,Válido,nao,,51,0.79,0.792910448,GILBERTO KASSAB,GILBERTO KASSAB,PSD,v,,,,,04/10/2026 19:16:08,sim
1,04/10/2026,6257,Presidente,1,municipio,AC,01554,1200344,MANOEL URBANO,,PT/PC do B/PV,FEDERAÇÃO BRASIL DA ESPERANÇA - FE BRASIL,PT/PC do B/PV,BRASIL PRONTO PRA MAIS,c,PSB / PDT / PCDOB / PT / PV / PSOL / REDE,,13,PT,PARTIDO DOS TRABALHADORES,101,13,280002542548,LUIZ INÁCIO LULA DA SILVA,LULA,06/10/1945,2,Válido,nao,,2415,37.55,37.546641791,GERALDO JOSE RODRIGUES ALCKMIN FILHO,GERALDO ALCKMIN,PSB,v,,,,,04/10/2026 19:16:08,sim
1,04/10/2026,6257,Presidente,1,municipio,AC,01554,1200344,MANOEL URBANO,,,,,DEMOCRACIA CRISTÃ,i,DC,0,27,DC,DEMOCRACIA CRISTÃ,,27,280002552484,CLARIANA ZACARKIM BARAO,CLARIANA BARAO,03/04/1987,9,Válido,nao,,3,0.05,0.046641791,FABIANA CRISTINA TAVARES TORQUATO,FABIANA TORQUATO,DC,v,,,,,04/10/2026 19:16:08,sim
1,04/10/2026,6257,Presidente,1,municipio,AC,01554,1200344,MANOEL URBANO,,,,,PARTIDO COMUNISTA BRASILEIRO,i,PCB,0,21,PCB,PARTIDO COMUNISTA BRASILEIRO,,21,280002551975,EDMILSON SILVA COSTA,EDMILSON COSTA,08/04/1950,10,Válido,nao,,3,0.05,0.046641791,CLEUSA DOS SANTOS,CLEUSA SANTOS,PCB,v,,,,,04/10/2026 19:16:08,sim
1,04/10/2026,6257,Presidente,1,municipio,AC,01554,1200344,MANOEL URBANO,,,,,PARTIDO SOCIALISTA  DOS TRABALHADORES UNIFICADO,i,PSTU,0,16,PSTU,PARTIDO SOCIALISTA  DOS TRABALHADORES UNIFICADO,,16,280002541457,HERTZ DA CONCEICAO DIAS,HERTZ DIAS,20/10/1970,8,Válido,nao,,1,0.02,0.015547264,VANESSA PORTUGAL BARBOSA,VANESSA PORTUGAL,PSTU,v,,,,,04/10/2026 19:16:08,sim
1,04/10/2026,6257,Presidente,1,municipio,AC,01554,1200344,MANOEL URBANO,,,,,BRASIL DOS NOSSOS SONHOS,c,AGIR / AVANTE,,70,AVANTE,AVANTE,,70,280002551547,AUGUSTO JORGE CURY,ESCRITOR AUGUSTO CURY,02/10/1958,3,Válido,nao,,76,1.18,1.181592040,JULIO CESAR DELGADO,JÚLIO DELGADO,AVANTE,v,,,,,04/10/2026 19:16:08,sim
1,04/10/2026,6257,Presidente,1,municipio,AC,01554,1200344,MANOEL URBANO,,,,,PARTIDO NOVO,i,NOVO,0,30,NOVO,PARTIDO NOVO,,30,280002539826,ROMEU ZEMA NETO,ZEMA,28/10/1964,6,Válido,nao,,0,0.00,0,LUIS EDUARDO GRANGEIRO GIRÃO,EDUARDO GIRÃO,NOVO,v,,,,,04/10/2026 19:16:08,sim
1,04/10/2026,6257,Presidente,1,municipio,AC,01554,1200344,MANOEL URBANO,,,,,UNIDADE POPULAR,i,UP,0,80,UP,UNIDADE POPULAR,,80,280002538811,SAMARA MARTINS DA SILVA FEITOSA,SAMARA,31/08/1987,7,Válido,nao,,1,0.02,0.015547264,RAQUEL NONATO DE BRICIO,RAQUEL BRÍCIO,UP,v,,,,,04/10/2026 19:16:08,sim
1,04/10/2026,6257,Presidente,1,municipio,AC,01554,1200344,MANOEL URBANO,,,,,DEMOCRATA,i,DEMOCRATA,0,35,DEMOCRATA,DEMOCRATA,,35,280002548139,WILSON GRASSI JUNIOR,VETERINÁRIO WILSON GRASSI,13/03/1970,11,Válido,nao,,0,0.00,0,SUÊD HAIDAR NOGUEIRA,SUÊD HAIDAR,DEMOCRATA,v,,,,,04/10/2026 19:16:08,sim
1,04/10/2026,6257,Presidente,1,municipio,AC,01554,1200344,MANOEL URBANO,,,,,PARTIDO MISSÃO,i,MISSÃO,0,14,MISSÃO,PARTIDO MISSÃO,,14,280002540694,RENAN ANTONIO FERREIRA DOS SANTOS,RENAN SANTOS,14/02/1984,4,Válido,nao,,59,0.92,0.917288557,AROLDO MEDINA,CORONEL MEDINA,MISSÃO,v,,,,,04/10/2026 19:16:08,sim
1,04/10/2026,6257,Presidente,1,municipio,AC,01554,1200344,MANOEL URBANO,,,,,PARTIDO DA CAUSA OPERÁRIA,i,PCO,0,29,PCO,PARTIDO DA CAUSA OPERÁRIA,,29,280002552487,RUI COSTA PIMENTA,RUI COSTA PIMENTA,25/06/1957,12,Válido,nao,,0,0.00,0,ANTONIO CARLOS SILVA,ANTÔNIO CARLOS,PCO,v,,,,,04/10/2026 19:16:08,sim
1,04/10/2026,6257,Presidente,1,municipio,AC,01570,1200054,ASSIS BRASIL,,,,,PARTIDO LIBERAL,i,PL,0,22,PL,PARTIDO LIBERAL,,22,280002551544,FLAVIO NANTES BOLSONARO,FLAVIO BOLSONARO,30/04/1981,1,Válido,nao,,3274,59.30,59.300851295,ALFREDO GASPAR DE MENDONÇA NETO,ALFREDO GASPAR,PL,v,,,,,04/10/2026 20:22:14,sim
1,04/10/2026,6257,Presidente,1,municipio,AC,01570,1200054,ASSIS BRASIL,,,,,PARTIDO SOCIAL DEMOCRÁTICO,i,PSD,0,55,PSD,PARTIDO SOCIAL DEMOCRÁTICO,,55,280002551932,RONALDO RAMOS CAIADO,RONALDO CAIADO,25/09/1949,5,Válido,nao,,50,0.91,0.905633037,GILBERTO KASSAB,GILBERTO KASSAB,PSD,v,,,,,04/10/2026 20:22:14,sim
1,04/10/2026,6257,Presidente,1,municipio,AC,01570,1200054,ASSIS BRASIL,,PT/PC do B/PV,FEDERAÇÃO BRASIL DA ESPERANÇA - FE BRASIL,PT/PC do B/PV,BRASIL PRONTO PRA MAIS,c,PSB / PDT / PCDOB / PT / PV / PSOL / REDE,,13,PT,PARTIDO DOS TRABALHADORES,101,13,280002542548,LUIZ INÁCIO LULA DA SILVA,LULA,06/10/1945,2,Válido,nao,,2015,36.50,36.497011411,GERALDO JOSE RODRIGUES ALCKMIN FILHO,GERALDO ALCKMIN,PSB,v,,,,,04/10/2026 20:22:14,sim
1,04/10/2026,6257,Presidente,1,municipio,AC,01570,1200054,ASSIS BRASIL,,,,,PARTIDO SOCIALISTA  DOS TRABALHADORES UNIFICADO,i,PSTU,0,16,PSTU,PARTIDO SOCIALISTA  DOS TRABALHADORES UNIFICADO,,16,280002541457,HERTZ DA CONCEICAO DIAS,HERTZ DIAS,20/10/1970,8,Válido,nao,,2,0.04,0.036225321,VANESSA PORTUGAL BARBOSA,VANESSA PORTUGAL,PSTU,v,,,,,04/10/2026 20:22:14,sim
1,04/10/2026,6257,Presidente,1,municipio,AC,01570,1200054,ASSIS BRASIL,,,,,PARTIDO COMUNISTA BRASILEIRO,i,PCB,0,21,PCB,PARTIDO COMUNISTA BRASILEIRO,,21,280002551975,EDMILSON SILVA COSTA,EDMILSON COSTA,08/04/1950,10,Válido,nao,,5,0.09,0.090563304,CLEUSA DOS SANTOS,CLEUSA SANTOS,PCB,v,,,,,04/10/2026 20:22:14,sim
1,04/10/2026,6257,Presidente,1,municipio,AC,01570,1200054,ASSIS BRASIL,,,,,DEMOCRACIA CRISTÃ,i,DC,0,27,DC,DEMOCRACIA CRISTÃ,,27,280002552484,CLARIANA ZACARKIM BARAO,CLARIANA BARAO,03/04/1987,9,Válido,nao,,1,0.02,0.018112661,FABIANA CRISTINA TAVARES TORQUATO,FABIANA TORQUATO,DC,v,,,,,04/10/2026 20:22:14,sim
1,04/10/2026,6257,Presidente,1,municipio,AC,01570,1200054,ASSIS BRASIL,,,,,PARTIDO NOVO,i,NOVO,0,30,NOVO,PARTIDO NOVO,,30,280002539826,ROMEU ZEMA NETO,ZEMA,28/10/1964,6,Válido,nao,,8,0.14,0.144901286,LUIS EDUARDO GRANGEIRO GIRÃO,EDUARDO GIRÃO,NOVO,v,,,,,04/10/2026 20:22:14,sim
1,04/10/2026,6257,Presidente,1,municipio,AC,01570,1200054,ASSIS BRASIL,,,,,BRASIL DOS NOSSOS SONHOS,c,AGIR / AVANTE,,70,AVANTE,AVANTE,,70,280002551547,AUGUSTO JORGE CURY,ESCRITOR AUGUSTO CURY,02/10/1958,3,Válido,nao,,123,2.23,2.227857272,JULIO CESAR DELGADO,JÚLIO DELGADO,AVANTE,v,,,,,04/10/2026 20:22:14,sim
1,04/10/2026,6257,Presidente,1,municipio,AC,01570,1200054,ASSIS BRASIL,,,,,DEMOCRATA,i,DEMOCRATA,0,35,DEMOCRATA,DEMOCRATA,,35,280002548139,WILSON GRASSI JUNIOR,VETERINÁRIO WILSON GRASSI,13/03/1970,11,Válido,nao,,1,0.02,0.018112661,SUÊD HAIDAR NOGUEIRA,SUÊD HAIDAR,DEMOCRATA,v,,,,,04/10/2026 20:22:14,sim
1,04/10/2026,6257,Presidente,1,municipio,AC,01570,1200054,ASSIS BRASIL,,,,,UNIDADE POPULAR,i,UP,0,80,UP,UNIDADE POPULAR,,80,280002538811,SAMARA MARTINS DA SILVA FEITOSA,SAMARA,31/08/1987,7,Válido,nao,,2,0.04,0.036225321,RAQUEL NONATO DE BRICIO,RAQUEL BRÍCIO,UP,v,,,,,04/10/2026 20:22:14,sim
1,04/10/2026,6257,Presidente,1,municipio,AC,01570,1200054,ASSIS BRASIL,,,,,PARTIDO MISSÃO,i,MISSÃO,0,14,MISSÃO,PARTIDO MISSÃO,,14,280002540694,RENAN ANTONIO FERREIRA DOS SANTOS,RENAN SANTOS,14/02/1984,4,Válido,nao,,38,0.69,0.688281108,AROLDO MEDINA,CORONEL MEDINA,MISSÃO,v,,,,,04/10/2026 20:22:14,sim
1,04/10/2026,6257,Presidente,1,municipio,AC,01570,1200054,ASSIS BRASIL,,,,,PARTIDO DA CAUSA OPERÁRIA,i,PCO,0,29,PCO,PARTIDO DA CAUSA OPERÁRIA,,29,280002552487,RUI COSTA PIMENTA,RUI COSTA PIMENTA,25/06/1957,12,Válido,nao,,2,0.04,0.036225321,ANTONIO CARLOS SILVA,ANTÔNIO CARLOS,PCO,v,,,,,04/10/2026 20:22:14,sim
