turno,data_eleicao,cd_eleicao,cargo,cd_cargo,nivel,uf,cd_municipio_tse,cd_municipio_ibge,municipio,zona,secoes_total,secoes_totalizadas,pct_secoes_totalizadas,secoes_nao_totalizadas,secoes_instaladas,secoes_nao_instaladas,secoes_anuladas,secoes_nao_anuladas,eleitorado_apto,eleitorado_secoes_totalizadas,pct_eleitorado_totalizado,eleitorado_nao_totalizado,eleitorado_instalado,eleitorado_nao_instalado,eleitorado_anulado,eleitorado_nao_anulado,comparecimento,pct_comparecimento,abstencao,pct_abstencao,votos_totais,votos_validos_contabilizados,pct_validos_contabilizados,votos_validos,votos_nominais,pct_nominais,votos_legenda,pct_legenda,votos_legenda_sem_juncao,votos_brancos,pct_brancos,votos_nulos_total,pct_nulos,votos_nulos,votos_nulos_tecnicos,votos_anulados,votos_anulados_sub_judice,data_totalizacao,hora_totalizacao,gerado_em,oficial
1,04/10/2026,6257,Presidente,1,municipio,MA,07005,2100154,ÁGUA DOCE DO MARANHÃO,,42,42,100.00,0,42,0,42,0,11520,11520,100.00,0,11520,0,11520,0,8715,75.65,2805,24.35,8715,8341,95.71,8341,8341,100.00,0,0.00,0,105,1.20,269,3.09,269,0,0,0,04/10/2026,21:01:19,04/10/2026 21:01:32,sim
1,04/10/2026,6257,Presidente,1,municipio,MA,07013,2100105,AFONSO CUNHA,,30,30,100.00,0,30,0,30,0,7467,7467,100.00,0,7467,0,7467,0,6035,80.82,1432,19.18,6035,5864,97.17,5864,5864,100.00,0,0.00,0,32,0.53,139,2.30,139,0,0,0,04/10/2026,21:11:07,04/10/2026 21:11:42,sim
1,04/10/2026,6257,Presidente,1,municipio,MA,07021,2100436,ALTO ALEGRE DO MARANHÃO,,61,61,100.00,0,61,0,61,0,18076,18076,100.00,0,18076,0,18076,0,14397,79.65,3679,20.35,14397,13873,96.36,13873,13873,100.00,0,0.00,0,94,0.65,430,2.99,430,0,0,0,04/10/2026,20:55:21,04/10/2026 20:56:29,sim
1,04/10/2026,6257,Presidente,1,municipio,MA,07030,2100204,ALCÂNTARA,,77,77,100.00,0,77,0,77,0,17613,17613,100.00,0,17613,0,17613,0,14387,81.68,3226,18.32,14387,13943,96.91,13943,13943,100.00,0,0.00,0,187,1.30,257,1.79,256,1,0,0,04/10/2026,20:08:17,04/10/2026 20:10:34,sim
1,04/10/2026,6257,Presidente,1,municipio,MA,07048,2100477,ALTO ALEGRE DO PINDARÉ,,82,82,100.00,0,82,0,82,0,20251,20251,100.00,0,20251,0,20251,0,15671,77.38,4580,22.62,15671,15068,96.15,15068,15068,100.00,0,0.00,0,114,0.73,489,3.12,488,1,0,0,04/10/2026,20:53:54,04/10/2026 20:54:47,sim
1,04/10/2026,6257,Presidente,1,municipio,MA,07056,2100303,ALDEIAS ALTAS,,73,73,100.00,0,73,0,73,0,18506,18506,100.00,0,18506,0,18506,0,14119,76.29,4387,23.71,14119,13340,94.48,13340,13340,100.00,0,0.00,0,125,0.89,654,4.63,653,1,0,0,04/10/2026,20:07:11,04/10/2026 20:07:48,sim
1,04/10/2026,6257,Presidente,1,municipio,MA,07064,2100832,APICUM-AÇU,,49,49,100.00,0,49,0,49,0,13470,13470,100.00,0,13470,0,13470,0,10866,80.67,2604,19.33,10866,10640,97.92,10640,10640,100.00,0,0.00,0,82,0.75,144,1.33,144,0,0,0,04/10/2026,20:38:24,04/10/2026 20:39:00,sim
1,04/10/2026,6257,Presidente,1,municipio,MA,07072,2100402,ALTAMIRA DO MARANHÃO,,25,25,100.00,0,25,0,25,0,5758,5758,100.00,0,5758,0,5758,0,4488,77.94,1270,22.06,4488,4287,95.52,4287,4287,100.00,0,0.00,0,29,0.65,172,3.83,172,0,0,0,04/10/2026,20:17:35,04/10/2026 20:18:29,sim
1,04/10/2026,6257,Presidente,1,municipio,MA,07080,2100550,AMAPÁ DO MARANHÃO,,22,22,100.00,0,22,0,22,0,4953,4953,100.00,0,4953,0,4953,0,4388,88.59,565,11.41,4388,4212,95.99,4212,4212,100.00,0,0.00,0,36,0.82,140,3.19,140,0,0,0,04/10/2026,20:34:07,04/10/2026 20:35:03,sim
1,04/10/2026,6257,Presidente,1,municipio,MA,07099,2100501,ALTO PARNAÍBA,,29,29,100.00,0,29,0,29,0,8142,8142,100.00,0,8142,0,8142,0,6345,77.93,1797,22.07,6345,6077,95.78,6077,6077,100.00,0,0.00,0,45,0.71,223,3.51,223,0,0,0,04/10/2026,21:14:02,04/10/2026 21:14:31,sim
1,04/10/2026,6257,Presidente,1,municipio,MA,07102,2100873,ARAGUANÃ,,29,29,100.00,0,29,0,29,0,8007,8007,100.00,0,8007,0,8007,0,6192,77.33,1815,22.67,6192,6057,97.82,6057,6057,100.00,0,0.00,0,34,0.55,101,1.63,101,0,0,0,04/10/2026,19:12:29,04/10/2026 19:13:49,sim
1,04/10/2026,6257,Presidente,1,municipio,MA,07110,2100600,AMARANTE DO MARANHÃO,,108,108,100.00,0,108,0,108,0,28108,28108,100.00,0,28108,0,28108,0,22660,80.62,5448,19.38,22660,21911,96.69,21911,21911,100.00,0,0.00,0,138,0.61,611,2.70,599,12,0,0,04/10/2026,20:07:15,04/10/2026 20:07:48,sim
1,04/10/2026,6257,Presidente,1,municipio,MA,07129,2101251,BACABEIRA,,54,54,100.00,0,54,0,54,0,16057,16057,100.00,0,16057,0,16057,0,13207,82.25,2850,17.75,13207,12724,96.34,12724,12724,100.00,0,0.00,0,189,1.43,294,2.23,294,0,0,0,04/10/2026,20:36:04,04/10/2026 20:37:11,sim
1,04/10/2026,6257,Presidente,1,municipio,MA,07137,2100709,ANAJATUBA,,87,87,100.00,0,87,0,87,0,20568,20568,100.00,0,20568,0,20568,0,16567,80.55,4001,19.45,16567,16004,96.60,16004,16004,100.00,0,0.00,0,155,0.94,408,2.46,408,0,0,0,04/10/2026,20:59:02,04/10/2026 20:59:24,sim
1,04/10/2026,6257,Presidente,1,municipio,MA,07145,2101350,BACURITUBA,,20,20,100.00,0,20,0,20,0,5647,5647,100.00,0,5647,0,5647,0,4078,72.22,1569,27.78,4078,3936,96.52,3936,3936,100.00,0,0.00,0,39,0.96,103,2.53,103,0,0,0,04/10/2026,20:40:26,04/10/2026 20:41:12,sim
1,04/10/2026,6257,Presidente,1,municipio,MA,07153,2100808,ANAPURUS,,48,48,100.00,0,48,0,48,0,14136,14136,100.00,0,14136,0,14136,0,11670,82.56,2466,17.44,11670,11184,95.84,11184,11184,100.00,0,0.00,0,128,1.10,358,3.07,357,1,0,0,04/10/2026,20:58:27,04/10/2026 20:59:24,sim
1,04/10/2026,6257,Presidente,1,municipio,MA,07161,2101731,BELÁGUA,,27,27,100.00,0,27,0,27,0,8091,8091,100.00,0,8091,0,8091,0,6588,81.42,1503,18.58,6588,6336,96.17,6336,6336,100.00,0,0.00,0,39,0.59,213,3.23,213,0,0,0,04/10/2026,20:11:47,04/10/2026 20:12:45,sim
1,04/10/2026,6257,Presidente,1,municipio,MA,07170,2100907,ARAIOSES,,129,129,100.00,0,129,0,129,0,32649,32649,100.00,0,32649,0,32649,0,25962,79.52,6687,20.48,25962,24398,93.98,24398,24398,100.00,0,0.00,0,432,1.66,1132,4.36,1130,2,0,0,04/10/2026,21:14:14,04/10/2026 21:15:21,sim
1,04/10/2026,6257,Presidente,1,municipio,MA,07188,2101772,BELA VISTA DO MARANHÃO,,38,38,100.00,0,38,0,38,0,10096,10096,100.00,0,10096,0,10096,0,8117,80.40,1979,19.60,8117,7783,95.89,7783,7783,100.00,0,0.00,0,70,0.86,264,3.25,264,0,0,0,04/10/2026,21:42:29,04/10/2026 21:43:09,sim
1,04/10/2026,6257,Presidente,1,municipio,MA,07196,2101004,ARARI,,89,89,100.00,0,89,0,89,0,24000,24000,100.00,0,24000,0,24000,0,18438,76.83,5562,23.18,18438,17767,96.36,17767,17767,100.00,0,0.00,0,269,1.46,402,2.18,402,0,0,0,04/10/2026,20:48:45,04/10/2026 20:49:34,sim
1,04/10/2026,6257,Presidente,1,municipio,MA,07200,2101939,BERNARDO DO MEARIM,,23,23,100.00,0,23,0,23,0,5015,5015,100.00,0,5015,0,5015,0,4198,83.71,817,16.29,4198,4046,96.38,4046,4046,100.00,0,0.00,0,35,0.83,117,2.79,117,0,0,0,04/10/2026,19:23:16,04/10/2026 19:24:37,sim
1,04/10/2026,6257,Presidente,1,municipio,MA,07218,2101103,AXIXÁ,,41,41,100.00,0,41,0,41,0,11529,11529,100.00,0,11529,0,11529,0,9643,83.64,1886,16.36,9643,9276,96.19,9276,9276,100.00,0,0.00,0,105,1.09,262,2.72,262,0,0,0,04/10/2026,20:06:44,04/10/2026 20:07:50,sim
1,04/10/2026,6257,Presidente,1,municipio,MA,07226,2102374,CACHOEIRA GRANDE,,37,37,100.00,0,37,0,37,0,9001,9001,100.00,0,9001,0,9001,0,7010,77.88,1991,22.12,7010,6825,97.36,6825,6825,100.00,0,0.00,0,38,0.54,147,2.10,147,0,0,0,04/10/2026,21:35:34,04/10/2026 21:36:20,sim
1,04/10/2026,6257,Presidente,1,municipio,MA,07234,2101202,BACABAL,,253,253,100.00,0,253,0,253,0,71838,71838,100.00,0,71838,0,71838,0,59100,82.27,12738,17.73,59100,56807,96.12,56807,56807,100.00,0,0.00,0,706,1.19,1587,2.69,1582,5,0,0,04/10/2026,22:08:26,04/10/2026 22:09:32,sim
1,04/10/2026,6257,Presidente,1,municipio,MA,07242,2103752,DAVINÓPOLIS,,37,37,100.00,0,37,0,37,0,12223,12223,100.00,0,12223,0,12223,0,9864,80.70,2359,19.30,9864,9651,97.84,9651,9651,100.00,0,0.00,0,78,0.79,135,1.37,135,0,0,0,04/10/2026,20:39:37,04/10/2026 20:40:10,sim
1,04/10/2026,6257,Presidente,1,municipio,MA,07250,2101301,BACURI,,56,56,100.00,0,56,0,56,0,13893,13893,100.00,0,13893,0,13893,0,10881,78.32,3012,21.68,10881,10541,96.88,10541,10541,100.00,0,0.00,0,83,0.76,257,2.36,257,0,0,0,04/10/2026,21:01:17,04/10/2026 21:01:55,sim
1,04/10/2026,6257,Presidente,1,municipio,MA,07269,2102036,BOM JESUS DAS SELVAS,,76,76,100.00,0,76,0,76,0,19650,19650,100.00,0,19650,0,19650,0,15363,78.18,4287,21.82,15363,14906,97.03,14906,14906,100.00,0,0.00,0,91,0.59,366,2.38,364,2,0,0,04/10/2026,20:50:22,04/10/2026 20:51:26,sim
1,04/10/2026,6257,Presidente,1,municipio,MA,07277,2101400,BALSAS,,223,223,100.00,0,223,0,223,0,71213,71213,100.00,0,71213,0,71213,0,56886,79.88,14327,20.12,56886,55383,97.36,55383,55383,100.00,0,0.00,0,511,0.90,992,1.74,976,16,0,0,04/10/2026,20:58:19,04/10/2026 20:59:24,sim
1,04/10/2026,6257,Presidente,1,municipio,MA,07285,2102077,BOM LUGAR,,45,45,100.00,0,45,0,45,0,11468,11468,100.00,0,11468,0,11468,0,9312,81.20,2156,18.80,9312,9156,98.32,9156,9156,100.00,0,0.00,0,51,0.55,105,1.13,105,0,0,0,04/10/2026,20:56:03,04/10/2026 20:56:56,sim
1,04/10/2026,6257,Presidente,1,municipio,MA,07293,2101509,BARÃO DE GRAJAÚ,,54,54,100.00,0,54,0,54,0,16130,16130,100.00,0,16130,0,16130,0,12855,79.70,3275,20.30,12855,12282,95.54,12282,12282,100.00,0,0.00,0,150,1.17,423,3.29,423,0,0,0,04/10/2026,21:25:43,04/10/2026 21:26:49,sim
1,04/10/2026,6257,Presidente,1,municipio,MA,07307,2102150,BREJO DE AREIA,,34,34,100.00,0,34,0,34,0,8475,8475,100.00,0,8475,0,8475,0,6260,73.86,2215,26.14,6260,6014,96.07,6014,6014,100.00,0,0.00,0,44,0.70,202,3.23,202,0,0,0,04/10/2026,19:24:17,04/10/2026 19:25:22,sim
1,04/10/2026,6257,Presidente,1,municipio,MA,07315,2101608,BARRA DO CORDA,,241,241,100.00,0,241,0,241,0,63831,63831,100.00,0,63831,0,63831,0,51171,80.17,12660,19.83,51171,49502,96.74,49502,49502,100.00,0,0.00,0,470,0.92,1199,2.34,1191,8,0,0,04/10/2026,22:01:56,04/10/2026 22:02:42,sim
1,04/10/2026,6257,Presidente,1,municipio,MA,07323,2101970,BOA VISTA DO GURUPI,,25,25,100.00,0,25,0,25,0,6551,6551,100.00,0,6551,0,6551,0,5207,79.48,1344,20.52,5207,5057,97.12,5057,5057,100.00,0,0.00,0,40,0.77,110,2.11,110,0,0,0,04/10/2026,18:55:24,04/10/2026 18:56:35,sim
1,04/10/2026,6257,Presidente,1,municipio,MA,07331,2101707,BARREIRINHAS,,197,197,100.00,0,197,0,197,0,52533,52533,100.00,0,52533,0,52533,0,43807,83.39,8726,16.61,43807,42351,96.68,42351,42351,100.00,0,0.00,0,375,0.86,1081,2.47,1079,2,0,0,04/10/2026,22:31:27,04/10/2026 22:32:44,sim
1,04/10/2026,6257,Presidente,1,municipio,MA,07340,2102325,BURITICUPU,,154,154,100.00,0,154,0,154,0,42732,42732,100.00,0,42732,0,42732,0,32976,77.17,9756,22.83,32976,32052,97.20,32052,32052,100.00,0,0.00,0,186,0.56,738,2.24,729,9,0,0,04/10/2026,20:56:29,04/10/2026 20:57:51,sim
1,04/10/2026,6257,Presidente,1,municipio,MA,07358,2101806,BENEDITO LEITE,,15,15,100.00,0,15,0,15,0,4638,4638,100.00,0,4638,0,4638,0,3757,81.00,881,19.00,3757,3632,96.67,3632,3632,100.00,0,0.00,0,20,0.53,105,2.79,105,0,0,0,04/10/2026,19:24:23,04/10/2026 19:25:23,sim
1,04/10/2026,6257,Presidente,1,municipio,MA,07366,2102358,BURITIRANA,,43,43,100.00,0,43,0,43,0,10837,10837,100.00,0,10837,0,10837,0,8846,81.63,1991,18.37,8846,8483,95.90,8483,8483,100.00,0,0.00,0,86,0.97,277,3.13,275,2,0,0,04/10/2026,20:56:15,04/10/2026 20:56:56,sim
1,04/10/2026,6257,Presidente,1,municipio,MA,07374,2101905,BEQUIMÃO,,64,64,100.00,0,64,0,64,0,18606,18606,100.00,0,18606,0,18606,0,14655,78.76,3951,21.24,14655,14001,95.54,14001,14001,100.00,0,0.00,0,261,1.78,393,2.68,393,0,0,0,04/10/2026,20:48:32,04/10/2026 20:49:33,sim
1,04/10/2026,6257,Presidente,1,municipio,MA,07382,2102556,CAMPESTRE DO MARANHÃO,,34,34,100.00,0,34,0,34,0,9948,9948,100.00,0,9948,0,9948,0,7791,78.32,2157,21.68,7791,7599,97.54,7599,7599,100.00,0,0.00,0,59,0.76,133,1.71,133,0,0,0,04/10/2026,20:43:24,04/10/2026 20:44:11,sim
1,04/10/2026,6257,Presidente,1,municipio,MA,07390,2102101,BREJO,,88,88,100.00,0,88,0,88,0,25937,25937,100.00,0,25937,0,25937,0,20697,79.80,5240,20.20,20697,20007,96.67,20007,20007,100.00,0,0.00,0,179,0.86,511,2.47,507,4,0,0,04/10/2026,21:04:14,04/10/2026 21:05:10,sim
1,04/10/2026,6257,Presidente,1,municipio,MA,07404,2102754,CAPINZAL DO NORTE,,35,35,100.00,0,35,0,35,0,8689,8689,100.00,0,8689,0,8689,0,7107,81.79,1582,18.21,7107,6758,95.09,6758,6758,100.00,0,0.00,0,73,1.03,276,3.88,275,1,0,0,04/10/2026,19:25:01,04/10/2026 19:25:43,sim
1,04/10/2026,6257,Presidente,1,municipio,MA,07412,2102200,BURITI,,79,79,100.00,0,79,0,79,0,22995,22995,100.00,0,22995,0,22995,0,17866,77.70,5129,22.30,17866,17089,95.65,17089,17089,100.00,0,0.00,0,166,0.93,611,3.42,611,0,0,0,04/10/2026,23:13:17,04/10/2026 23:14:22,sim
1,04/10/2026,6257,Presidente,1,municipio,MA,07420,2103125,CENTRAL DO MARANHÃO,,29,29,100.00,0,29,0,29,0,7808,7808,100.00,0,7808,0,7808,0,5790,74.15,2018,25.85,5790,5524,95.41,5524,5524,100.00,0,0.00,0,53,0.92,213,3.68,213,0,0,0,04/10/2026,21:00:14,04/10/2026 21:00:46,sim
1,04/10/2026,6257,Presidente,1,municipio,MA,07439,2102309,BURITI BRAVO,,67,67,100.00,0,67,0,67,0,17755,17755,100.00,0,17755,0,17755,0,13739,77.38,4016,22.62,13739,12902,93.91,12902,12902,100.00,0,0.00,0,130,0.95,707,5.15,707,0,0,0,04/10/2026,19:07:06,04/10/2026 19:08:12,sim
1,04/10/2026,6257,Presidente,1,municipio,MA,07447,2103158,CENTRO DO GUILHERME,,36,36,100.00,0,36,0,36,0,7966,7966,100.00,0,7966,0,7966,0,6679,83.84,1287,16.16,6679,6502,97.35,6502,6502,100.00,0,0.00,0,42,0.63,135,2.02,135,0,0,0,04/10/2026,19:20:09,04/10/2026 19:20:57,sim
1,04/10/2026,6257,Presidente,1,municipio,MA,07455,2102408,CAJAPIÓ,,32,32,100.00,0,32,0,32,0,10224,10224,100.00,0,10224,0,10224,0,7606,74.39,2618,25.61,7606,7282,95.74,7282,7282,100.00,0,0.00,0,67,0.88,257,3.38,257,0,0,0,04/10/2026,19:25:51,04/10/2026 19:29:39,sim
1,04/10/2026,6257,Presidente,1,municipio,MA,07463,2103174,CENTRO NOVO DO MARANHÃO,,47,47,100.00,0,47,0,47,0,11932,11932,100.00,0,11932,0,11932,0,9594,80.41,2338,19.59,9594,9315,97.09,9315,9315,100.00,0,0.00,0,48,0.50,231,2.41,230,1,0,0,04/10/2026,20:56:00,04/10/2026 20:56:56,sim
1,05/10/2026,6257,Presidente,1,municipio,MA,07471,2102507,CAJARI,,61,61,100.00,0,61,0,61,0,16136,16136,100.00,0,16136,0,16136,0,12485,77.37,3651,22.63,12485,12146,97.28,12146,12146,100.00,0,0.00,0,90,0.72,249,1.99,249,0,0,0,05/10/2026,01:56:22,05/10/2026 01:57:03,sim
1,04/10/2026,6257,Presidente,1,municipio,MA,07480,2103257,CIDELÂNDIA,,36,36,100.00,0,36,0,36,0,10660,10660,100.00,0,10660,0,10660,0,8617,80.83,2043,19.17,8617,8335,96.73,8335,8335,100.00,0,0.00,0,65,0.75,217,2.52,216,1,0,0,04/10/2026,21:08:53,04/10/2026 21:09:50,sim
1,04/10/2026,6257,Presidente,1,municipio,MA,07498,2102606,CÂNDIDO MENDES,,56,56,100.00,0,56,0,56,0,14853,14853,100.00,0,14853,0,14853,0,12872,86.66,1981,13.34,12872,12475,96.92,12475,12475,100.00,0,0.00,0,72,0.56,325,2.52,324,1,0,0,04/10/2026,21:41:29,04/10/2026 21:42:09,sim
1,04/10/2026,6257,Presidente,1,municipio,MA,07501,2103554,CONCEIÇÃO DO LAGO-AÇU,,47,47,100.00,0,47,0,47,0,11878,11878,100.00,0,11878,0,11878,0,9342,78.65,2536,21.35,9342,9060,96.98,9060,9060,100.00,0,0.00,0,53,0.57,229,2.45,227,2,0,0,04/10/2026,20:56:43,04/10/2026 20:57:51,sim
1,04/10/2026,6257,Presidente,1,municipio,MA,07510,2102705,CANTANHEDE,,54,54,100.00,0,54,0,54,0,14177,14177,100.00,0,14177,0,14177,0,11197,78.98,2980,21.02,11197,10741,95.93,10741,10741,100.00,0,0.00,0,112,1.00,344,3.07,344,0,0,0,04/10/2026,21:55:39,04/10/2026 21:56:23,sim
1,04/10/2026,6257,Presidente,1,municipio,MA,07528,2104073,FEIRA NOVA DO MARANHÃO,,21,21,100.00,0,21,0,21,0,6389,6389,100.00,0,6389,0,6389,0,5211,81.56,1178,18.44,5211,5020,96.33,5020,5020,100.00,0,0.00,0,47,0.90,144,2.76,144,0,0,0,04/10/2026,20:53:34,04/10/2026 20:54:20,sim
1,04/10/2026,6257,Presidente,1,municipio,MA,07536,2102804,CAROLINA,,72,72,100.00,0,72,0,72,0,18310,18310,100.00,0,18310,0,18310,0,14439,78.86,3871,21.14,14439,13985,96.86,13985,13985,100.00,0,0.00,0,126,0.87,328,2.27,327,1,0,0,04/10/2026,19:12:44,04/10/2026 19:13:49,sim
1,04/10/2026,6257,Presidente,1,municipio,MA,07544,2104081,FERNANDO FALCÃO,,36,36,100.00,0,36,0,36,0,9487,9487,100.00,0,9487,0,9487,0,7960,83.90,1527,16.10,7960,7742,97.26,7742,7742,100.00,0,0.00,0,35,0.44,183,2.30,182,1,0,0,04/10/2026,19:20:44,04/10/2026 19:22:14,sim
1,04/10/2026,6257,Presidente,1,municipio,MA,07552,2102903,CARUTAPERA,,73,73,100.00,0,73,0,73,0,19093,19093,100.00,0,19093,0,19093,0,14893,78.00,4200,22.00,14893,14390,96.62,14390,14390,100.00,0,0.00,0,93,0.62,410,2.75,410,0,0,0,04/10/2026,20:51:26,04/10/2026 20:52:05,sim
1,04/10/2026,6257,Presidente,1,municipio,MA,07560,2104099,FORMOSA DA SERRA NEGRA,,53,53,100.00,0,53,0,53,0,14076,14076,100.00,0,14076,0,14076,0,11715,83.23,2361,16.77,11715,11298,96.44,11298,11298,100.00,0,0.00,0,97,0.83,320,2.73,320,0,0,0,04/10/2026,20:34:10,04/10/2026 20:35:02,sim
1,04/10/2026,6257,Presidente,1,municipio,MA,07579,2103000,CAXIAS,,406,406,100.00,0,406,0,406,0,113420,113420,100.00,0,113420,0,113420,0,90472,79.77,22948,20.23,90472,86605,95.73,86605,86605,100.00,0,0.00,0,1164,1.29,2703,2.99,2695,8,0,0,04/10/2026,21:24:01,04/10/2026 21:24:31,sim
1,04/10/2026,6257,Presidente,1,municipio,MA,07595,2103109,CEDRAL,,37,37,100.00,0,37,0,37,0,9329,9329,100.00,0,9329,0,9329,0,7573,81.18,1756,18.82,7573,7240,95.60,7240,7240,100.00,0,0.00,0,108,1.43,225,2.97,225,0,0,0,04/10/2026,20:49:35,04/10/2026 20:50:27,sim
1,04/10/2026,6257,Presidente,1,municipio,MA,07609,2104552,GOVERNADOR EDISON LOBÃO,,44,44,100.00,0,44,0,44,0,15378,15378,100.00,0,15378,0,15378,0,12429,80.82,2949,19.18,12429,12094,97.30,12094,12094,100.00,0,0.00,0,117,0.94,218,1.75,216,2,0,0,04/10/2026,20:55:29,04/10/2026 20:56:29,sim
1,04/10/2026,6257,Presidente,1,municipio,MA,07617,2103208,CHAPADINHA,,182,182,100.00,0,182,0,182,0,60242,60242,100.00,0,60242,0,60242,0,48047,79.76,12195,20.24,48047,46444,96.66,46444,46444,100.00,0,0.00,0,558,1.16,1045,2.17,1041,4,0,0,04/10/2026,22:18:07,04/10/2026 22:18:40,sim
1,04/10/2026,6257,Presidente,1,municipio,MA,07625,2104628,GOVERNADOR LUIZ ROCHA,,22,22,100.00,0,22,0,22,0,6417,6417,100.00,0,6417,0,6417,0,5133,79.99,1284,20.01,5133,4870,94.88,4870,4870,100.00,0,0.00,0,56,1.09,207,4.03,207,0,0,0,04/10/2026,20:14:31,04/10/2026 20:15:31,sim
1,04/10/2026,6257,Presidente,1,municipio,MA,07633,2103307,CODÓ,,273,273,100.00,0,273,0,273,0,82435,82435,100.00,0,82435,0,82435,0,61949,75.15,20486,24.85,61949,59034,95.29,59034,59034,100.00,0,0.00,0,669,1.08,2246,3.63,2243,3,0,0,04/10/2026,21:38:20,04/10/2026 21:39:01,sim
1,04/10/2026,6257,Presidente,1,municipio,MA,07641,2104651,GOVERNADOR NEWTON BELLO,,33,33,100.00,0,33,0,33,0,7695,7695,100.00,0,7695,0,7695,0,6181,80.32,1514,19.68,6181,5991,96.93,5991,5991,100.00,0,0.00,0,29,0.47,161,2.60,160,1,0,0,04/10/2026,21:25:33,04/10/2026 21:26:00,sim
1,04/10/2026,6257,Presidente,1,municipio,MA,07650,2103406,COELHO NETO,,116,116,100.00,0,116,0,116,0,33370,33370,100.00,0,33370,0,33370,0,25807,77.34,7563,22.66,25807,24816,96.16,24816,24816,100.00,0,0.00,0,220,0.85,771,2.99,769,2,0,0,04/10/2026,20:42:29,04/10/2026 20:43:30,sim
1,04/10/2026,6257,Presidente,1,municipio,MA,07668,2104677,GOVERNADOR NUNES FREIRE,,68,68,100.00,0,68,0,68,0,17561,17561,100.00,0,17561,0,17561,0,13833,78.77,3728,21.23,13833,13528,97.80,13528,13528,100.00,0,0.00,0,77,0.56,228,1.65,228,0,0,0,04/10/2026,20:08:11,04/10/2026 20:10:33,sim
1,04/10/2026,6257,Presidente,1,municipio,MA,07676,2103505,COLINAS,,90,90,100.00,0,90,0,90,0,28426,28426,100.00,0,28426,0,28426,0,22487,79.11,5939,20.89,22487,21379,95.07,21379,21379,100.00,0,0.00,0,191,0.85,917,4.08,917,0,0,0,04/10/2026,21:01:23,04/10/2026 21:02:12,sim
1,04/10/2026,6257,Presidente,1,municipio,MA,07684,2105153,IGARAPÉ DO MEIO,,45,45,100.00,0,45,0,45,0,10867,10867,100.00,0,10867,0,10867,0,8587,79.02,2280,20.98,8587,8283,96.46,8283,8283,100.00,0,0.00,0,83,0.97,221,2.57,221,0,0,0,04/10/2026,19:28:00,04/10/2026 19:29:41,sim
1,04/10/2026,6257,Presidente,1,municipio,MA,07692,2103604,COROATÁ,,160,160,100.00,0,160,0,160,0,46886,46886,100.00,0,46886,0,46886,0,34637,73.87,12249,26.13,34637,32876,94.92,32876,32876,100.00,0,0.00,0,368,1.06,1393,4.02,1391,2,0,0,04/10/2026,21:11:01,04/10/2026 21:11:41,sim
1,04/10/2026,6257,Presidente,1,municipio,MA,07706,2105351,ITAIPAVA DO GRAJAÚ,,42,42,100.00,0,42,0,42,0,11234,11234,100.00,0,11234,0,11234,0,8503,75.69,2731,24.31,8503,8342,98.11,8342,8342,100.00,0,0.00,0,40,0.47,121,1.42,121,0,0,0,04/10/2026,20:50:27,04/10/2026 20:51:25,sim
1,04/10/2026,6257,Presidente,1,municipio,MA,07714,2103703,CURURUPU,,105,105,100.00,0,105,0,105,0,26322,26322,100.00,0,26322,0,26322,0,20164,76.61,6158,23.39,20164,19442,96.42,19442,19442,100.00,0,0.00,0,282,1.40,440,2.18,440,0,0,0,04/10/2026,20:49:43,04/10/2026 20:50:28,sim
1,04/10/2026,6257,Presidente,1,municipio,MA,07722,2105427,ITINGA DO MARANHÃO,,67,67,100.00,0,67,0,67,0,17555,17555,100.00,0,17555,0,17555,0,14222,81.01,3333,18.99,14222,13776,96.86,13776,13776,100.00,0,0.00,0,106,0.75,340,2.39,339,1,0,0,04/10/2026,20:44:09,04/10/2026 20:45:13,sim
1,04/10/2026,6257,Presidente,1,municipio,MA,07730,2103802,DOM PEDRO,,68,68,100.00,0,68,0,68,0,17803,17803,100.00,0,17803,0,17803,0,14617,82.10,3186,17.90,14617,14055,96.16,14055,14055,100.00,0,0.00,0,155,1.06,407,2.78,407,0,0,0,04/10/2026,20:51:58,04/10/2026 20:52:36,sim
1,04/10/2026,6257,Presidente,1,municipio,MA,07749,2105450,JATOBÁ,,27,27,100.00,0,27,0,27,0,7205,7205,100.00,0,7205,0,7205,0,5633,78.18,1572,21.82,5633,5349,94.96,5349,5349,100.00,0,0.00,0,53,0.94,231,4.10,231,0,0,0,04/10/2026,20:13:30,04/10/2026 20:14:14,sim
1,04/10/2026,6257,Presidente,1,municipio,MA,07757,2103901,DUQUE BACELAR,,36,36,100.00,0,36,0,36,0,9654,9654,100.00,0,9654,0,9654,0,7922,82.06,1732,17.94,7922,7711,97.34,7711,7711,100.00,0,0.00,0,49,0.62,162,2.04,162,0,0,0,04/10/2026,20:57:02,04/10/2026 20:58:12,sim
1,04/10/2026,6257,Presidente,1,municipio,MA,07765,2105476,JENIPAPO DOS VIEIRAS,,52,52,100.00,0,52,0,52,0,13237,13237,100.00,0,13237,0,13237,0,10615,80.19,2622,19.81,10615,10210,96.18,10210,10210,100.00,0,0.00,0,62,0.58,343,3.23,342,1,0,0,04/10/2026,21:02:08,04/10/2026 21:03:00,sim
1,04/10/2026,6257,Presidente,1,municipio,MA,07773,2104008,ESPERANTINÓPOLIS,,59,59,100.00,0,59,0,59,0,14795,14795,100.00,0,14795,0,14795,0,11727,79.26,3068,20.74,11727,11195,95.46,11195,11195,100.00,0,0.00,0,107,0.91,425,3.62,425,0,0,0,04/10/2026,20:43:05,04/10/2026 20:44:11,sim
1,04/10/2026,6257,Presidente,1,municipio,MA,07781,2105658,JUNCO DO MARANHÃO,,21,21,100.00,0,21,0,21,0,5092,5092,100.00,0,5092,0,5092,0,3890,76.39,1202,23.61,3890,3793,97.51,3793,3793,100.00,0,0.00,0,25,0.64,72,1.85,72,0,0,0,04/10/2026,20:51:54,04/10/2026 20:52:36,sim
1,04/10/2026,6257,Presidente,1,municipio,MA,07790,2104107,FORTALEZA DOS NOGUEIRAS,,36,36,100.00,0,36,0,36,0,10569,10569,100.00,0,10569,0,10569,0,8820,83.45,1749,16.55,8820,8531,96.72,8531,8531,100.00,0,0.00,0,90,1.02,199,2.26,199,0,0,0,04/10/2026,20:49:55,04/10/2026 20:51:25,sim
1,04/10/2026,6257,Presidente,1,municipio,MA,07803,2105948,LAGO DOS RODRIGUES,,33,33,100.00,0,33,0,33,0,8271,8271,100.00,0,8271,0,8271,0,7017,84.84,1254,15.16,7017,6815,97.12,6815,6815,100.00,0,0.00,0,46,0.66,156,2.22,155,1,0,0,04/10/2026,20:56:57,04/10/2026 20:57:51,sim
1,04/10/2026,6257,Presidente,1,municipio,MA,07811,2104206,FORTUNA,,49,49,100.00,0,49,0,49,0,13022,13022,100.00,0,13022,0,13022,0,10092,77.50,2930,22.50,10092,9570,94.83,9570,9570,100.00,0,0.00,0,101,1.00,421,4.17,421,0,0,0,04/10/2026,20:28:48,04/10/2026 20:29:20,sim
1,04/10/2026,6257,Presidente,1,municipio,MA,07820,2105922,LAGOA DO MATO,,34,34,100.00,0,34,0,34,0,8284,8284,100.00,0,8284,0,8284,0,6596,79.62,1688,20.38,6596,6201,94.01,6201,6201,100.00,0,0.00,0,45,0.68,350,5.31,350,0,0,0,04/10/2026,20:48:44,04/10/2026 20:49:34,sim
1,04/10/2026,6257,Presidente,1,municipio,MA,07838,2104305,GODOFREDO VIANA,,34,34,100.00,0,34,0,34,0,7329,7329,100.00,0,7329,0,7329,0,6319,86.22,1010,13.78,6319,6083,96.27,6083,6083,100.00,0,0.00,0,69,1.09,167,2.64,167,0,0,0,04/10/2026,20:56:47,04/10/2026 20:57:51,sim
1,04/10/2026,6257,Presidente,1,municipio,MA,07846,2105963,LAGOA GRANDE DO MARANHÃO,,30,30,100.00,0,30,0,30,0,9997,9997,100.00,0,9997,0,9997,0,7818,78.20,2179,21.80,7818,7600,97.21,7600,7600,100.00,0,0.00,0,57,0.73,161,2.06,161,0,0,0,04/10/2026,22:17:15,04/10/2026 22:18:22,sim
1,04/10/2026,6257,Presidente,1,municipio,MA,07854,2104404,GONÇALVES DIAS,,52,52,100.00,0,52,0,52,0,13629,13629,100.00,0,13629,0,13629,0,10523,77.21,3106,22.79,10523,10097,95.95,10097,10097,100.00,0,0.00,0,101,0.96,325,3.09,325,0,0,0,04/10/2026,21:00:17,04/10/2026 21:01:31,sim
1,04/10/2026,6257,Presidente,1,municipio,MA,07862,2105989,LAJEADO NOVO,,22,22,100.00,0,22,0,22,0,6682,6682,100.00,0,6682,0,6682,0,5521,82.62,1161,17.38,5521,5411,98.01,5411,5411,100.00,0,0.00,0,26,0.47,84,1.52,84,0,0,0,04/10/2026,19:19:16,04/10/2026 19:20:58,sim
1,04/10/2026,6257,Presidente,1,municipio,MA,07870,2104503,GOVERNADOR ARCHER,,36,36,100.00,0,36,0,36,0,8077,8077,100.00,0,8077,0,8077,0,6408,79.34,1669,20.66,6408,6140,95.82,6140,6140,100.00,0,0.00,0,59,0.92,209,3.26,209,0,0,0,04/10/2026,21:20:18,04/10/2026 21:21:11,sim
1,04/10/2026,6257,Presidente,1,municipio,MA,07889,2106326,MARACAÇUMÉ,,52,52,100.00,0,52,0,52,0,15698,15698,100.00,0,15698,0,15698,0,11607,73.94,4091,26.06,11607,11199,96.48,11199,11199,100.00,0,0.00,0,103,0.89,305,2.63,305,0,0,0,04/10/2026,19:07:37,04/10/2026 19:08:39,sim
1,04/10/2026,6257,Presidente,1,municipio,MA,07897,2104602,GOVERNADOR EUGÊNIO BARROS,,43,43,100.00,0,43,0,43,0,10692,10692,100.00,0,10692,0,10692,0,8509,79.58,2183,20.42,8509,8212,96.51,8212,8212,100.00,0,0.00,0,73,0.86,224,2.63,224,0,0,0,04/10/2026,20:10:03,04/10/2026 20:11:12,sim
1,04/10/2026,6257,Presidente,1,municipio,MA,07900,2106359,MARAJÁ DO SENA,,26,26,100.00,0,26,0,26,0,6771,6771,100.00,0,6771,0,6771,0,5205,76.87,1566,23.13,5205,5020,96.45,5020,5020,100.00,0,0.00,0,35,0.67,150,2.88,149,1,0,0,04/10/2026,20:52:19,04/10/2026 20:53:29,sim
1,04/10/2026,6257,Presidente,1,municipio,MA,07919,2104701,GRAÇA ARANHA,,23,23,100.00,0,23,0,23,0,6274,6274,100.00,0,6274,0,6274,0,5132,81.80,1142,18.20,5132,4997,97.37,4997,4997,100.00,0,0.00,0,34,0.66,101,1.97,101,0,0,0,04/10/2026,19:22:19,04/10/2026 19:23:25,sim
1,04/10/2026,6257,Presidente,1,municipio,MA,07927,2106375,MARANHÃOZINHO,,31,31,100.00,0,31,0,31,0,8133,8133,100.00,0,8133,0,8133,0,6537,80.38,1596,19.62,6537,6382,97.63,6382,6382,100.00,0,0.00,0,60,0.92,95,1.45,95,0,0,0,04/10/2026,20:50:58,04/10/2026 20:51:48,sim
1,04/10/2026,6257,Presidente,1,municipio,MA,07935,2104800,GRAJAÚ,,181,181,100.00,0,181,0,181,0,52273,52273,100.00,0,52273,0,52273,0,42204,80.74,10069,19.26,42204,41112,97.41,41112,41112,100.00,0,0.00,0,261,0.62,831,1.97,826,5,0,0,04/10/2026,21:11:01,04/10/2026 21:11:42,sim
1,04/10/2026,6257,Presidente,1,municipio,MA,07943,2106631,MATÕES DO NORTE,,30,30,100.00,0,30,0,30,0,7654,7654,100.00,0,7654,0,7654,0,5732,74.89,1922,25.11,5732,5537,96.60,5537,5537,100.00,0,0.00,0,49,0.85,146,2.55,145,1,0,0,04/10/2026,20:51:11,04/10/2026 20:52:06,sim
1,04/10/2026,6257,Presidente,1,municipio,MA,07951,2104909,GUIMARÃES,,40,40,100.00,0,40,0,40,0,9820,9820,100.00,0,9820,0,9820,0,7520,76.58,2300,23.42,7520,7082,94.18,7082,7082,100.00,0,0.00,0,113,1.50,325,4.32,325,0,0,0,04/10/2026,19:26:16,04/10/2026 19:29:40,sim
1,04/10/2026,6257,Presidente,1,municipio,MA,07960,2106672,MILAGRES DO MARANHÃO,,24,24,100.00,0,24,0,24,0,6650,6650,100.00,0,6650,0,6650,0,5412,81.38,1238,18.62,5412,5226,96.56,5226,5226,100.00,0,0.00,0,27,0.50,159,2.94,159,0,0,0,04/10/2026,21:01:32,04/10/2026 21:02:12,sim
1,04/10/2026,6257,Presidente,1,municipio,MA,07978,2105005,HUMBERTO DE CAMPOS,,91,91,100.00,0,91,0,91,0,23439,23439,100.00,0,23439,0,23439,0,18570,79.23,4869,20.77,18570,17843,96.09,17843,17843,100.00,0,0.00,0,154,0.83,573,3.09,573,0,0,0,04/10/2026,21:17:13,04/10/2026 21:18:00,sim
1,04/10/2026,6257,Presidente,1,municipio,MA,07986,2107258,NOVA COLINAS,,17,17,100.00,0,17,0,17,0,4514,4514,100.00,0,4514,0,4514,0,3686,81.66,828,18.34,3686,3509,95.20,3509,3509,100.00,0,0.00,0,26,0.71,151,4.10,151,0,0,0,04/10/2026,19:01:37,04/10/2026 19:02:31,sim
1,04/10/2026,6257,Presidente,1,municipio,MA,07994,2105104,ICATU,,96,96,100.00,0,96,0,96,0,23106,23106,100.00,0,23106,0,23106,0,19268,83.39,3838,16.61,19268,18695,97.03,18695,18695,100.00,0,0.00,0,164,0.85,409,2.12,409,0,0,0,04/10/2026,20:57:14,04/10/2026 20:58:12,sim
1,04/10/2026,6257,Presidente,1,municipio,MA,08001,2107357,NOVA OLINDA DO MARANHÃO,,49,49,100.00,0,49,0,49,0,13507,13507,100.00,0,13507,0,13507,0,10373,76.80,3134,23.20,10373,9979,96.20,9979,9979,100.00,0,0.00,0,92,0.89,302,2.91,302,0,0,0,04/10/2026,21:40:43,04/10/2026 21:41:11,sim
1,04/10/2026,6257,Presidente,1,municipio,MA,08010,2105203,IGARAPÉ GRANDE,,33,33,100.00,0,33,0,33,0,8484,8484,100.00,0,8484,0,8484,0,7115,83.86,1369,16.14,7115,6833,96.04,6833,6833,100.00,0,0.00,0,61,0.86,221,3.11,221,0,0,0,04/10/2026,19:23:04,04/10/2026 19:23:45,sim
1,04/10/2026,6257,Presidente,1,municipio,MA,08028,2107456,OLINDA NOVA DO MARANHÃO,,34,34,100.00,0,34,0,34,0,11175,11175,100.00,0,11175,0,11175,0,8544,76.46,2631,23.54,8544,8219,96.20,8219,8219,100.00,0,0.00,0,83,0.97,242,2.83,242,0,0,0,04/10/2026,20:59:52,04/10/2026 21:00:47,sim
1,04/10/2026,6257,Presidente,1,municipio,MA,08036,2105302,IMPERATRIZ,,600,600,100.00,0,600,0,600,0,195325,195325,100.00,0,195325,0,195325,0,158388,81.09,36937,18.91,158388,153763,97.08,153763,153763,100.00,0,0.00,0,1891,1.19,2734,1.73,2677,57,0,0,04/10/2026,21:21:10,04/10/2026 21:22:11,sim
1,04/10/2026,6257,Presidente,1,municipio,MA,08044,2108058,PAULINO NEVES,,62,62,100.00,0,62,0,62,0,15080,15080,100.00,0,15080,0,15080,0,12407,82.27,2673,17.73,12407,12074,97.32,12074,12074,100.00,0,0.00,0,85,0.69,248,2.00,248,0,0,0,04/10/2026,20:30:53,04/10/2026 20:31:31,sim
1,04/10/2026,6257,Presidente,1,municipio,MA,08052,2111409,SÃO LUÍS GONZAGA DO MARANHÃO,,62,62,100.00,0,62,0,62,0,17211,17211,100.00,0,17211,0,17211,0,13036,75.74,4175,24.26,13036,12570,96.43,12570,12570,100.00,0,0.00,0,91,0.70,375,2.88,373,2,0,0,04/10/2026,20:52:20,04/10/2026 20:53:29,sim
1,04/10/2026,6257,Presidente,1,municipio,MA,08060,2108256,PEDRO DO ROSÁRIO,,72,72,100.00,0,72,0,72,0,18241,18241,100.00,0,18241,0,18241,0,13750,75.38,4491,24.62,13750,13269,96.50,13269,13269,100.00,0,0.00,0,98,0.71,383,2.79,383,0,0,0,04/10/2026,21:48:34,04/10/2026 21:49:32,sim
1,04/10/2026,6257,Presidente,1,municipio,MA,08079,2105401,ITAPECURU MIRIM,,177,177,100.00,0,177,0,177,0,47851,47851,100.00,0,47851,0,47851,0,37238,77.82,10613,22.18,37238,35996,96.66,35996,35996,100.00,0,0.00,0,380,1.02,862,2.31,862,0,0,0,04/10/2026,21:01:43,04/10/2026 21:02:12,sim
1,04/10/2026,6257,Presidente,1,municipio,MA,08087,2108454,PERITORÓ,,56,56,100.00,0,56,0,56,0,16364,16364,100.00,0,16364,0,16364,0,12605,77.03,3759,22.97,12605,12024,95.39,12024,12024,100.00,0,0.00,0,98,0.78,483,3.83,482,1,0,0,04/10/2026,20:53:24,04/10/2026 20:54:21,sim
1,04/10/2026,6257,Presidente,1,municipio,MA,08095,2105500,JOÃO LISBOA,,81,81,100.00,0,81,0,81,0,21876,21876,100.00,0,21876,0,21876,0,18030,82.42,3846,17.58,18030,17462,96.85,17462,17462,100.00,0,0.00,0,183,1.01,385,2.14,382,3,0,0,04/10/2026,22:31:36,04/10/2026 22:32:44,sim
1,04/10/2026,6257,Presidente,1,municipio,MA,08109,2109056,PORTO RICO DO MARANHÃO,,29,29,100.00,0,29,0,29,0,7200,7200,100.00,0,7200,0,7200,0,5325,73.96,1875,26.04,5325,5188,97.43,5188,5188,100.00,0,0.00,0,50,0.94,87,1.63,87,0,0,0,04/10/2026,21:01:19,04/10/2026 21:01:54,sim
1,04/10/2026,6257,Presidente,1,municipio,MA,08117,2105609,JOSELÂNDIA,,51,51,100.00,0,51,0,51,0,12529,12529,100.00,0,12529,0,12529,0,9894,78.97,2635,21.03,9894,9597,97.00,9597,9597,100.00,0,0.00,0,90,0.91,207,2.09,207,0,0,0,04/10/2026,19:17:38,04/10/2026 19:20:55,sim
1,04/10/2026,6257,Presidente,1,municipio,MA,08125,2109239,PRESIDENTE MÉDICI,,22,22,100.00,0,22,0,22,0,5728,5728,100.00,0,5728,0,5728,0,4592,80.17,1136,19.83,4592,4449,96.89,4449,4449,100.00,0,0.00,0,25,0.54,118,2.57,118,0,0,0,04/10/2026,21:14:02,04/10/2026 21:14:31,sim
1,04/10/2026,6257,Presidente,1,municipio,MA,08133,2105708,LAGO DA PEDRA,,114,114,100.00,0,114,0,114,0,34283,34283,100.00,0,34283,0,34283,0,27367,79.83,6916,20.17,27367,26503,96.84,26503,26503,100.00,0,0.00,0,230,0.84,634,2.32,630,4,0,0,04/10/2026,22:21:48,04/10/2026 22:22:42,sim
1,04/10/2026,6257,Presidente,1,municipio,MA,08141,2109270,PRESIDENTE SARNEY,,60,60,100.00,0,60,0,60,0,15655,15655,100.00,0,15655,0,15655,0,11574,73.93,4081,26.07,11574,11260,97.29,11260,11260,100.00,0,0.00,0,85,0.73,229,1.98,229,0,0,0,04/10/2026,20:49:23,04/10/2026 20:50:27,sim
1,04/10/2026,6257,Presidente,1,municipio,MA,08150,2105807,LAGO DO JUNCO,,35,35,100.00,0,35,0,35,0,8447,8447,100.00,0,8447,0,8447,0,7101,84.07,1346,15.93,7101,6921,97.47,6921,6921,100.00,0,0.00,0,48,0.68,132,1.86,130,2,0,0,04/10/2026,21:18:18,04/10/2026 21:19:23,sim
1,04/10/2026,6257,Presidente,1,municipio,MA,08168,2109452,RAPOSA,,83,83,100.00,0,83,0,83,0,24288,24288,100.00,0,24288,0,24288,0,20466,84.26,3822,15.74,20466,19767,96.58,19767,19767,100.00,0,0.00,0,298,1.46,401,1.96,400,1,0,0,04/10/2026,21:13:38,04/10/2026 21:14:31,sim
1,04/10/2026,6257,Presidente,1,municipio,MA,08176,2105906,LAGO VERDE,,47,47,100.00,0,47,0,47,0,12196,12196,100.00,0,12196,0,12196,0,9626,78.93,2570,21.07,9626,9436,98.03,9436,9436,100.00,0,0.00,0,56,0.58,134,1.39,133,1,0,0,04/10/2026,20:11:35,04/10/2026 20:12:46,sim
1,04/10/2026,6257,Presidente,1,municipio,MA,08184,2109551,RIBAMAR FIQUENE,,23,23,100.00,0,23,0,23,0,6276,6276,100.00,0,6276,0,6276,0,5020,79.99,1256,20.01,5020,4909,97.79,4909,4909,100.00,0,0.00,0,34,0.68,77,1.53,76,1,0,0,04/10/2026,18:31:29,04/10/2026 18:32:14,sim
1,04/10/2026,6257,Presidente,1,municipio,MA,08192,2106003,LIMA CAMPOS,,42,42,100.00,0,42,0,42,0,11183,11183,100.00,0,11183,0,11183,0,8944,79.98,2239,20.02,8944,8545,95.54,8545,8545,100.00,0,0.00,0,104,1.16,295,3.30,295,0,0,0,04/10/2026,22:11:55,04/10/2026 22:12:40,sim
1,04/10/2026,6257,Presidente,1,municipio,MA,08206,2109759,SANTA FILOMENA DO MARANHÃO,,24,24,100.00,0,24,0,24,0,6119,6119,100.00,0,6119,0,6119,0,5015,81.96,1104,18.04,5015,4867,97.05,4867,4867,100.00,0,0.00,0,33,0.66,115,2.29,115,0,0,0,04/10/2026,21:00:35,04/10/2026 21:01:31,sim
1,04/10/2026,6257,Presidente,1,municipio,MA,08214,2106102,LORETO,,34,34,100.00,0,34,0,34,0,8569,8569,100.00,0,8569,0,8569,0,7016,81.88,1553,18.12,7016,6672,95.10,6672,6672,100.00,0,0.00,0,60,0.86,284,4.05,284,0,0,0,04/10/2026,18:49:57,04/10/2026 18:54:42,sim
1,04/10/2026,6257,Presidente,1,municipio,MA,08222,2110237,SANTANA DO MARANHÃO,,34,34,100.00,0,34,0,34,0,8165,8165,100.00,0,8165,0,8165,0,6250,76.55,1915,23.45,6250,6056,96.90,6056,6056,100.00,0,0.00,0,40,0.64,154,2.46,154,0,0,0,04/10/2026,20:58:40,04/10/2026 20:59:44,sim
1,04/10/2026,6257,Presidente,1,municipio,MA,08230,2106201,LUÍS DOMINGUES,,20,20,100.00,0,20,0,20,0,6072,6072,100.00,0,6072,0,6072,0,4764,78.46,1308,21.54,4764,4573,95.99,4573,4573,100.00,0,0.00,0,57,1.20,134,2.81,134,0,0,0,04/10/2026,19:28:29,04/10/2026 19:30:01,sim
1,04/10/2026,6257,Presidente,1,municipio,MA,08249,2110278,SANTO AMARO DO MARANHÃO,,49,49,100.00,0,49,0,49,0,13330,13330,100.00,0,13330,0,13330,0,10920,81.92,2410,18.08,10920,10530,96.43,10530,10530,100.00,0,0.00,0,92,0.84,298,2.73,298,0,0,0,04/10/2026,21:58:50,04/10/2026 22:00:00,sim
1,04/10/2026,6257,Presidente,1,municipio,MA,08257,2106300,MAGALHÃES DE ALMEIDA,,51,51,100.00,0,51,0,51,0,12195,12195,100.00,0,12195,0,12195,0,9856,80.82,2339,19.18,9856,9424,95.62,9424,9424,100.00,0,0.00,0,125,1.27,307,3.11,307,0,0,0,04/10/2026,21:00:46,04/10/2026 21:01:54,sim
1,04/10/2026,6257,Presidente,1,municipio,MA,08265,2110658,SÃO DOMINGOS DO AZEITÃO,,25,25,100.00,0,25,0,25,0,6763,6763,100.00,0,6763,0,6763,0,5635,83.32,1128,16.68,5635,5423,96.24,5423,5423,100.00,0,0.00,0,30,0.53,182,3.23,182,0,0,0,04/10/2026,20:33:32,04/10/2026 20:34:11,sim
1,04/10/2026,6257,Presidente,1,municipio,MA,08273,2106409,MATA ROMA,,50,50,100.00,0,50,0,50,0,16271,16271,100.00,0,16271,0,16271,0,13281,81.62,2990,18.38,13281,12698,95.61,12698,12698,100.00,0,0.00,0,166,1.25,417,3.14,417,0,0,0,04/10/2026,21:44:44,04/10/2026 21:45:51,sim
1,04/10/2026,6257,Presidente,1,municipio,MA,08281,2110856,SÃO FRANCISCO DO BREJÃO,,29,29,100.00,0,29,0,29,0,8123,8123,100.00,0,8123,0,8123,0,6482,79.80,1641,20.20,6482,6302,97.22,6302,6302,100.00,0,0.00,0,43,0.66,137,2.11,137,0,0,0,04/10/2026,20:55:18,04/10/2026 20:56:07,sim
1,04/10/2026,6257,Presidente,1,municipio,MA,08290,2106508,MATINHA,,73,73,100.00,0,73,0,73,0,20053,20053,100.00,0,20053,0,20053,0,16419,81.88,3634,18.12,16419,15805,96.26,15805,15805,100.00,0,0.00,0,212,1.29,402,2.45,402,0,0,0,04/10/2026,21:30:33,04/10/2026 21:31:42,sim
1,04/10/2026,6257,Presidente,1,municipio,MA,08303,2111029,SÃO JOÃO DO CARÚ,,42,42,100.00,0,42,0,42,0,10141,10141,100.00,0,10141,0,10141,0,7437,73.34,2704,26.66,7437,7211,96.96,7211,7211,100.00,0,0.00,0,47,0.63,179,2.41,179,0,0,0,04/10/2026,18:58:52,04/10/2026 18:59:31,sim
1,04/10/2026,6257,Presidente,1,municipio,MA,08311,2106607,MATÕES,,101,101,100.00,0,101,0,101,0,27285,27285,100.00,0,27285,0,27285,0,20919,76.67,6366,23.33,20919,20129,96.22,20129,20129,100.00,0,0.00,0,140,0.67,650,3.11,650,0,0,0,04/10/2026,20:15:35,04/10/2026 20:16:09,sim
1,04/10/2026,6257,Presidente,1,municipio,MA,08320,2111052,SÃO JOÃO DO PARAÍSO,,33,33,100.00,0,33,0,33,0,8599,8599,100.00,0,8599,0,8599,0,7245,84.25,1354,15.75,7245,7073,97.63,7073,7073,100.00,0,0.00,0,47,0.65,125,1.73,125,0,0,0,04/10/2026,19:25:25,04/10/2026 19:28:55,sim
1,04/10/2026,6257,Presidente,1,municipio,MA,08338,2106706,MIRADOR,,54,54,100.00,0,54,0,54,0,16373,16373,100.00,0,16373,0,16373,0,13434,82.05,2939,17.95,13434,12910,96.10,12910,12910,100.00,0,0.00,0,68,0.51,456,3.39,456,0,0,0,04/10/2026,20:43:23,04/10/2026 20:44:11,sim
1,04/10/2026,6257,Presidente,1,municipio,MA,08346,2111078,SÃO JOÃO DO SOTER,,52,52,100.00,0,52,0,52,0,14327,14327,100.00,0,14327,0,14327,0,10968,76.55,3359,23.45,10968,10607,96.71,10607,10607,100.00,0,0.00,0,52,0.47,309,2.82,309,0,0,0,04/10/2026,19:31:23,04/10/2026 19:32:18,sim
1,04/10/2026,6257,Presidente,1,municipio,MA,08354,2106805,MIRINZAL,,45,45,100.00,0,45,0,45,0,12016,12016,100.00,0,12016,0,12016,0,9387,78.12,2629,21.88,9387,9000,95.88,9000,9000,100.00,0,0.00,0,112,1.19,275,2.93,275,0,0,0,04/10/2026,20:29:51,04/10/2026 20:30:31,sim
1,04/10/2026,6257,Presidente,1,municipio,MA,08362,2111250,SÃO JOSÉ DOS BASÍLIOS,,26,26,100.00,0,26,0,26,0,6388,6388,100.00,0,6388,0,6388,0,5187,81.20,1201,18.80,5187,5029,96.95,5029,5029,100.00,0,0.00,0,42,0.81,116,2.24,116,0,0,0,04/10/2026,19:26:21,04/10/2026 19:29:38,sim
1,04/10/2026,6257,Presidente,1,municipio,MA,08370,2106904,MONÇÃO,,87,87,100.00,0,87,0,87,0,21263,21263,100.00,0,21263,0,21263,0,16225,76.31,5038,23.69,16225,15675,96.61,15675,15675,100.00,0,0.00,0,114,0.70,436,2.69,435,1,0,0,04/10/2026,20:56:17,04/10/2026 20:56:56,sim
1,04/10/2026,6257,Presidente,1,municipio,MA,08389,2111532,SÃO PEDRO DA ÁGUA BRANCA,,30,30,100.00,0,30,0,30,0,9693,9693,100.00,0,9693,0,9693,0,7166,73.93,2527,26.07,7166,6982,97.43,6982,6982,100.00,0,0.00,0,35,0.49,149,2.08,149,0,0,0,04/10/2026,19:20:27,04/10/2026 19:22:14,sim
1,04/10/2026,6257,Presidente,1,municipio,MA,08397,2107001,MONTES ALTOS,,26,26,100.00,0,26,0,26,0,7514,7514,100.00,0,7514,0,7514,0,6081,80.93,1433,19.07,6081,5905,97.11,5905,5905,100.00,0,0.00,0,53,0.87,123,2.02,123,0,0,0,04/10/2026,20:40:29,04/10/2026 20:41:12,sim
1,04/10/2026,6257,Presidente,1,municipio,MA,08400,2111573,SÃO PEDRO DOS CRENTES,,15,15,100.00,0,15,0,15,0,4689,4689,100.00,0,4689,0,4689,0,3900,83.17,789,16.83,3900,3802,97.49,3802,3802,100.00,0,0.00,0,26,0.67,72,1.85,72,0,0,0,04/10/2026,20:50:22,04/10/2026 20:51:25,sim
1,04/10/2026,6257,Presidente,1,municipio,MA,08419,2107100,MORROS,,66,66,100.00,0,66,0,66,0,16701,16701,100.00,0,16701,0,16701,0,13977,83.69,2724,16.31,13977,13600,97.30,13600,13600,100.00,0,0.00,0,85,0.61,292,2.09,292,0,0,0,04/10/2026,21:52:04,04/10/2026 21:53:10,sim
1,04/10/2026,6257,Presidente,1,municipio,MA,08427,2111631,SÃO RAIMUNDO DO DOCA BEZERRA,,22,22,100.00,0,22,0,22,0,5160,5160,100.00,0,5160,0,5160,0,4024,77.98,1136,22.02,4024,3855,95.80,3855,3855,100.00,0,0.00,0,41,1.02,128,3.18,127,1,0,0,04/10/2026,21:00:37,04/10/2026 21:01:31,sim
1,04/10/2026,6257,Presidente,1,municipio,MA,08435,2107209,NINA RODRIGUES,,40,40,100.00,0,40,0,40,0,10518,10518,100.00,0,10518,0,10518,0,8285,78.77,2233,21.23,8285,7984,96.37,7984,7984,100.00,0,0.00,0,39,0.47,262,3.16,262,0,0,0,04/10/2026,20:56:21,04/10/2026 20:56:56,sim
1,04/10/2026,6257,Presidente,1,municipio,MA,08443,2111672,SÃO ROBERTO,,19,19,100.00,0,19,0,19,0,4547,4547,100.00,0,4547,0,4547,0,3565,78.40,982,21.60,3565,3442,96.55,3442,3442,100.00,0,0.00,0,20,0.56,103,2.89,103,0,0,0,04/10/2026,19:09:45,04/10/2026 19:11:03,sim
1,04/10/2026,6257,Presidente,1,municipio,MA,08451,2107308,NOVA IORQUE,,15,15,100.00,0,15,0,15,0,4134,4134,100.00,0,4134,0,4134,0,3285,79.46,849,20.54,3285,3192,97.17,3192,3192,100.00,0,0.00,0,16,0.49,77,2.34,77,0,0,0,04/10/2026,18:34:19,04/10/2026 18:35:07,sim
1,04/10/2026,6257,Presidente,1,municipio,MA,08460,2111722,SATUBINHA,,31,31,100.00,0,31,0,31,0,7469,7469,100.00,0,7469,0,7469,0,6098,81.64,1371,18.36,6098,5862,96.13,5862,5862,100.00,0,0.00,0,51,0.84,185,3.03,185,0,0,0,04/10/2026,20:11:24,04/10/2026 20:11:53,sim
1,04/10/2026,6257,Presidente,1,municipio,MA,08478,2107407,OLHO D'ÁGUA DAS CUNHÃS,,53,53,100.00,0,53,0,53,0,14387,14387,100.00,0,14387,0,14387,0,11603,80.65,2784,19.35,11603,11015,94.93,11015,11015,100.00,0,0.00,0,124,1.07,464,4.00,463,1,0,0,04/10/2026,21:13:38,04/10/2026 21:14:31,sim
1,04/10/2026,6257,Presidente,1,municipio,MA,08486,2111748,SENADOR ALEXANDRE COSTA,,32,32,100.00,0,32,0,32,0,8450,8450,100.00,0,8450,0,8450,0,6424,76.02,2026,23.98,6424,6200,96.51,6200,6200,100.00,0,0.00,0,56,0.87,168,2.62,167,1,0,0,04/10/2026,19:17:02,04/10/2026 19:20:57,sim
1,04/10/2026,6257,Presidente,1,municipio,MA,08494,2107506,PAÇO DO LUMIAR,,290,290,100.00,0,290,0,290,0,90287,90287,100.00,0,90287,0,90287,0,77066,85.36,13221,14.64,77066,74270,96.37,74270,74270,100.00,0,0.00,0,1428,1.85,1368,1.78,1359,9,0,0,04/10/2026,21:23:58,04/10/2026 21:24:31,sim
1,04/10/2026,6257,Presidente,1,municipio,MA,08508,2111763,SENADOR LA ROCQUE,,49,49,100.00,0,49,0,49,0,12262,12262,100.00,0,12262,0,12262,0,9901,80.75,2361,19.25,9901,9580,96.76,9580,9580,100.00,0,0.00,0,83,0.84,238,2.40,234,4,0,0,04/10/2026,20:39:06,04/10/2026 20:39:51,sim
1,04/10/2026,6257,Presidente,1,municipio,MA,08516,2107605,PALMEIRÂNDIA,,61,61,100.00,0,61,0,61,0,17179,17179,100.00,0,17179,0,17179,0,12744,74.18,4435,25.82,12744,12321,96.68,12321,12321,100.00,0,0.00,0,120,0.94,303,2.38,303,0,0,0,04/10/2026,21:08:53,04/10/2026 21:09:50,sim
1,04/10/2026,6257,Presidente,1,municipio,MA,08524,2111789,SERRANO DO MARANHÃO,,40,40,100.00,0,40,0,40,0,9228,9228,100.00,0,9228,0,9228,0,7061,76.52,2167,23.48,7061,6817,96.54,6817,6817,100.00,0,0.00,0,70,0.99,174,2.46,174,0,0,0,04/10/2026,22:48:26,04/10/2026 22:49:30,sim
1,04/10/2026,6257,Presidente,1,municipio,MA,08532,2107704,PARAIBANO,,46,46,100.00,0,46,0,46,0,14960,14960,100.00,0,14960,0,14960,0,11151,74.54,3809,25.46,11151,10627,95.30,10627,10627,100.00,0,0.00,0,58,0.52,466,4.18,466,0,0,0,04/10/2026,20:18:00,04/10/2026 20:18:50,sim
1,04/10/2026,6257,Presidente,1,municipio,MA,08540,2111953,SUCUPIRA DO RIACHÃO,,17,17,100.00,0,17,0,17,0,4707,4707,100.00,0,4707,0,4707,0,3677,78.12,1030,21.88,3677,3431,93.31,3431,3431,100.00,0,0.00,0,35,0.95,211,5.74,211,0,0,0,04/10/2026,20:59:08,04/10/2026 20:59:44,sim
1,04/10/2026,6257,Presidente,1,municipio,MA,08559,2107803,PARNARAMA,,99,99,100.00,0,99,0,99,0,26242,26242,100.00,0,26242,0,26242,0,19971,76.10,6271,23.90,19971,18895,94.61,18895,18895,100.00,0,0.00,0,149,0.75,927,4.64,923,4,0,0,04/10/2026,22:35:56,04/10/2026 22:36:54,sim
1,04/10/2026,6257,Presidente,1,municipio,MA,08567,2112233,TRIZIDELA DO VALE,,56,56,100.00,0,56,0,56,0,16878,16878,100.00,0,16878,0,16878,0,13895,82.33,2983,17.67,13895,13429,96.65,13429,13429,100.00,0,0.00,0,152,1.09,314,2.26,313,1,0,0,04/10/2026,20:14:42,04/10/2026 20:15:31,sim
1,04/10/2026,6257,Presidente,1,municipio,MA,08575,2107902,PASSAGEM FRANCA,,58,58,100.00,0,58,0,58,0,14692,14692,100.00,0,14692,0,14692,0,11483,78.16,3209,21.84,11483,10766,93.76,10766,10766,100.00,0,0.00,0,104,0.91,613,5.34,613,0,0,0,04/10/2026,20:57:53,04/10/2026 20:58:34,sim
1,04/10/2026,6257,Presidente,1,municipio,MA,08583,2112274,TUFILÂNDIA,,22,22,100.00,0,22,0,22,0,6051,6051,100.00,0,6051,0,6051,0,4509,74.52,1542,25.48,4509,4332,96.07,4332,4332,100.00,0,0.00,0,20,0.44,157,3.48,157,0,0,0,04/10/2026,20:44:19,04/10/2026 20:45:13,sim
1,04/10/2026,6257,Presidente,1,municipio,MA,08591,2108009,PASTOS BONS,,54,54,100.00,0,54,0,54,0,15148,15148,100.00,0,15148,0,15148,0,11969,79.01,3179,20.99,11969,11508,96.15,11508,11508,100.00,0,0.00,0,99,0.83,362,3.02,361,1,0,0,04/10/2026,20:49:11,04/10/2026 20:49:57,sim
1,04/10/2026,6257,Presidente,1,municipio,MA,08605,2112456,TURILÂNDIA,,66,66,100.00,0,66,0,66,0,15977,15977,100.00,0,15977,0,15977,0,11725,73.39,4252,26.61,11725,11360,96.89,11360,11360,100.00,0,0.00,0,107,0.91,258,2.20,257,1,0,0,04/10/2026,21:31:19,04/10/2026 21:32:01,sim
1,04/10/2026,6257,Presidente,1,municipio,MA,08613,2108207,PEDREIRAS,,110,110,100.00,0,110,0,110,0,28040,28040,100.00,0,28040,0,28040,0,23067,82.26,4973,17.74,23067,22399,97.10,22399,22399,100.00,0,0.00,0,226,0.98,442,1.92,439,3,0,0,04/10/2026,20:47:07,04/10/2026 20:47:41,sim
1,04/10/2026,6257,Presidente,1,municipio,MA,08621,2112852,VILA NOVA DOS MARTÍRIOS,,27,27,100.00,0,27,0,27,0,8903,8903,100.00,0,8903,0,8903,0,6671,74.93,2232,25.07,6671,6485,97.21,6485,6485,100.00,0,0.00,0,57,0.85,129,1.93,129,0,0,0,04/10/2026,20:06:24,04/10/2026 20:07:49,sim
1,04/10/2026,6257,Presidente,1,municipio,MA,08630,2108306,PENALVA,,102,102,100.00,0,102,0,102,0,26013,26013,100.00,0,26013,0,26013,0,19307,74.22,6706,25.78,19307,18638,96.53,18638,18638,100.00,0,0.00,0,119,0.62,550,2.85,550,0,0,0,04/10/2026,20:05:34,04/10/2026 20:07:50,sim
1,04/10/2026,6257,Presidente,1,municipio,MA,08656,2108405,PERI MIRIM,,36,36,100.00,0,36,0,36,0,11291,11291,100.00,0,11291,0,11291,0,9055,80.20,2236,19.80,9055,8705,96.13,8705,8705,100.00,0,0.00,0,102,1.13,248,2.74,248,0,0,0,04/10/2026,20:46:51,04/10/2026 20:47:41,sim
1,04/10/2026,6257,Presidente,1,municipio,MA,08672,2108504,PINDARÉ-MIRIM,,85,85,100.00,0,85,0,85,0,25951,25951,100.00,0,25951,0,25951,0,19854,76.51,6097,23.49,19854,19140,96.40,19140,19140,100.00,0,0.00,0,219,1.10,495,2.49,493,2,0,0,04/10/2026,21:23:19,04/10/2026 21:24:20,sim
1,04/10/2026,6257,Presidente,1,municipio,MA,08699,2108603,PINHEIRO,,211,211,100.00,0,211,0,211,0,62812,62812,100.00,0,62812,0,62812,0,48166,76.68,14646,23.32,48166,46536,96.62,46536,46536,100.00,0,0.00,0,574,1.19,1056,2.19,1055,1,0,0,04/10/2026,21:25:02,04/10/2026 21:25:50,sim
1,04/10/2026,6257,Presidente,1,municipio,MA,08710,2108702,PIO XII,,70,70,100.00,0,70,0,70,0,18787,18787,100.00,0,18787,0,18787,0,15068,80.20,3719,19.80,15068,14470,96.03,14470,14470,100.00,0,0.00,0,119,0.79,479,3.18,477,2,0,0,04/10/2026,21:12:38,04/10/2026 21:13:22,sim
1,04/10/2026,6257,Presidente,1,municipio,MA,08737,2108801,PIRAPEMAS,,43,43,100.00,0,43,0,43,0,12904,12904,100.00,0,12904,0,12904,0,9553,74.03,3351,25.97,9553,9158,95.87,9158,9158,100.00,0,0.00,0,78,0.82,317,3.32,317,0,0,0,04/10/2026,21:11:24,04/10/2026 21:11:42,sim
1,04/10/2026,6257,Presidente,1,municipio,MA,08753,2108900,POÇÃO DE PEDRAS,,66,66,100.00,0,66,0,66,0,14763,14763,100.00,0,14763,0,14763,0,11711,79.33,3052,20.67,11711,11191,95.56,11191,11191,100.00,0,0.00,0,112,0.96,408,3.48,407,1,0,0,04/10/2026,20:41:58,04/10/2026 20:43:12,sim
1,04/10/2026,6257,Presidente,1,municipio,MA,08770,2109007,PORTO FRANCO,,66,66,100.00,0,66,0,66,0,18862,18862,100.00,0,18862,0,18862,0,15208,80.63,3654,19.37,15208,14852,97.66,14852,14852,100.00,0,0.00,0,122,0.80,234,1.54,233,1,0,0,04/10/2026,20:49:33,04/10/2026 20:50:27,sim
1,04/10/2026,6257,Presidente,1,municipio,MA,08796,2109106,PRESIDENTE DUTRA,,115,115,100.00,0,115,0,115,0,32781,32781,100.00,0,32781,0,32781,0,27169,82.88,5612,17.12,27169,26158,96.28,26158,26158,100.00,0,0.00,0,270,0.99,741,2.73,740,1,0,0,04/10/2026,20:56:14,04/10/2026 20:56:56,sim
1,04/10/2026,6257,Presidente,1,municipio,MA,08818,2109205,PRESIDENTE JUSCELINO,,41,41,100.00,0,41,0,41,0,10017,10017,100.00,0,10017,0,10017,0,7827,78.14,2190,21.86,7827,7604,97.15,7604,7604,100.00,0,0.00,0,52,0.66,171,2.18,171,0,0,0,04/10/2026,20:50:13,04/10/2026 20:51:25,sim
1,04/10/2026,6257,Presidente,1,municipio,MA,08834,2109304,PRESIDENTE VARGAS,,40,40,100.00,0,40,0,40,0,10343,10343,100.00,0,10343,0,10343,0,8192,79.20,2151,20.80,8192,7946,97.00,7946,7946,100.00,0,0.00,0,57,0.70,189,2.31,188,1,0,0,04/10/2026,21:19:02,04/10/2026 21:19:41,sim
1,04/10/2026,6257,Presidente,1,municipio,MA,08850,2109403,PRIMEIRA CRUZ,,46,46,100.00,0,46,0,46,0,11110,11110,100.00,0,11110,0,11110,0,9220,82.99,1890,17.01,9220,8851,96.00,8851,8851,100.00,0,0.00,0,94,1.02,275,2.98,275,0,0,0,04/10/2026,23:21:07,04/10/2026 23:22:11,sim
1,04/10/2026,6257,Presidente,1,municipio,MA,08877,2109502,RIACHÃO,,58,58,100.00,0,58,0,58,0,16914,16914,100.00,0,16914,0,16914,0,13298,78.62,3616,21.38,13298,12791,96.19,12791,12791,100.00,0,0.00,0,102,0.77,405,3.05,403,2,0,0,04/10/2026,20:28:11,04/10/2026 20:29:20,sim
1,04/10/2026,6257,Presidente,1,municipio,MA,08893,2111201,SÃO JOSÉ DE RIBAMAR,,403,403,100.00,0,403,0,403,0,131324,131324,100.00,0,131324,0,131324,0,109700,83.53,21624,16.47,109700,105538,96.21,105538,105538,100.00,0,0.00,0,2024,1.85,2138,1.95,2125,13,0,0,04/10/2026,21:57:50,04/10/2026 21:59:00,sim
1,04/10/2026,6257,Presidente,1,municipio,MA,08915,2109601,ROSÁRIO,,108,108,100.00,0,108,0,108,0,32344,32344,100.00,0,32344,0,32344,0,26074,80.61,6270,19.39,26074,25229,96.76,25229,25229,100.00,0,0.00,0,339,1.30,506,1.94,506,0,0,0,04/10/2026,21:37:53,04/10/2026 21:39:01,sim
1,04/10/2026,6257,Presidente,1,municipio,MA,08931,2109700,SAMBAÍBA,,20,20,100.00,0,20,0,20,0,5411,5411,100.00,0,5411,0,5411,0,4402,81.35,1009,18.65,4402,4252,96.59,4252,4252,100.00,0,0.00,0,31,0.70,119,2.70,119,0,0,0,04/10/2026,22:21:35,04/10/2026 22:22:42,sim
1,04/10/2026,6257,Presidente,1,municipio,MA,08958,2109809,SANTA HELENA,,98,98,100.00,0,98,0,98,0,24651,24651,100.00,0,24651,0,24651,0,18218,73.90,6433,26.10,18218,17610,96.66,17610,17610,100.00,0,0.00,0,154,0.85,454,2.49,454,0,0,0,04/10/2026,20:22:19,04/10/2026 20:23:19,sim
1,04/10/2026,6257,Presidente,1,municipio,MA,08974,2110005,SANTA LUZIA,,173,173,100.00,0,173,0,173,0,45122,45122,100.00,0,45122,0,45122,0,35089,77.76,10033,22.24,35089,33838,96.43,33838,33838,100.00,0,0.00,0,277,0.79,974,2.78,972,2,0,0,04/10/2026,20:58:42,04/10/2026 20:59:44,sim
1,04/10/2026,6257,Presidente,1,municipio,MA,08990,2110104,SANTA QUITÉRIA DO MARANHÃO,,72,72,100.00,0,72,0,72,0,21175,21175,100.00,0,21175,0,21175,0,16774,79.22,4401,20.78,16774,16072,95.81,16072,16072,100.00,0,0.00,0,154,0.92,548,3.27,548,0,0,0,04/10/2026,21:58:24,04/10/2026 21:59:09,sim
1,04/10/2026,6257,Presidente,1,municipio,MA,09016,2110203,SANTA RITA,,93,93,100.00,0,93,0,93,0,28000,28000,100.00,0,28000,0,28000,0,21478,76.71,6522,23.29,21478,20667,96.22,20667,20667,100.00,0,0.00,0,290,1.35,521,2.43,520,1,0,0,04/10/2026,20:50:27,04/10/2026 20:51:25,sim
1,04/10/2026,6257,Presidente,1,municipio,MA,09032,2110302,SANTO ANTÔNIO DOS LOPES,,53,53,100.00,0,53,0,53,0,15375,15375,100.00,0,15375,0,15375,0,12718,82.72,2657,17.28,12718,12257,96.38,12257,12257,100.00,0,0.00,0,93,0.73,368,2.89,366,2,0,0,04/10/2026,22:27:45,04/10/2026 22:29:00,sim
1,04/10/2026,6257,Presidente,1,municipio,MA,09059,2110401,SÃO BENEDITO DO RIO PRETO,,60,60,100.00,0,60,0,60,0,16310,16310,100.00,0,16310,0,16310,0,13269,81.35,3041,18.65,13269,12834,96.72,12834,12834,100.00,0,0.00,0,102,0.77,333,2.51,333,0,0,0,04/10/2026,20:52:03,04/10/2026 20:52:36,sim
1,04/10/2026,6257,Presidente,1,municipio,MA,09075,2110500,SÃO BENTO,,104,104,100.00,0,104,0,104,0,29322,29322,100.00,0,29322,0,29322,0,21660,73.87,7662,26.13,21660,20757,95.83,20757,20757,100.00,0,0.00,0,292,1.35,611,2.82,611,0,0,0,04/10/2026,21:11:58,04/10/2026 21:13:06,sim
1,04/10/2026,6257,Presidente,1,municipio,MA,09091,2110609,SÃO BERNARDO,,85,85,100.00,0,85,0,85,0,21808,21808,100.00,0,21808,0,21808,0,17139,78.59,4669,21.41,17139,16380,95.57,16380,16380,100.00,0,0.00,0,168,0.98,591,3.45,591,0,0,0,04/10/2026,21:18:19,04/10/2026 21:19:01,sim
1,04/10/2026,6257,Presidente,1,municipio,MA,09113,2110708,SÃO DOMINGOS DO MARANHÃO,,103,103,100.00,0,103,0,103,0,28537,28537,100.00,0,28537,0,28537,0,23143,81.10,5394,18.90,23143,21925,94.74,21925,21925,100.00,0,0.00,0,248,1.07,970,4.19,969,1,0,0,04/10/2026,21:15:30,04/10/2026 21:16:21,sim
1,04/10/2026,6257,Presidente,1,municipio,MA,09130,2110807,SÃO FÉLIX DE BALSAS,,17,17,100.00,0,17,0,17,0,4224,4224,100.00,0,4224,0,4224,0,3297,78.05,927,21.95,3297,3138,95.18,3138,3138,100.00,0,0.00,0,27,0.82,132,4.00,132,0,0,0,04/10/2026,19:20:30,04/10/2026 19:22:14,sim
1,04/10/2026,6257,Presidente,1,municipio,MA,09156,2110906,SÃO FRANCISCO DO MARANHÃO,,36,36,100.00,0,36,0,36,0,9159,9159,100.00,0,9159,0,9159,0,7246,79.11,1913,20.89,7246,6895,95.16,6895,6895,100.00,0,0.00,0,86,1.19,265,3.66,264,1,0,0,04/10/2026,21:15:53,04/10/2026 21:16:40,sim
1,04/10/2026,6257,Presidente,1,municipio,MA,09172,2111003,SÃO JOÃO BATISTA,,80,80,100.00,0,80,0,80,0,20103,20103,100.00,0,20103,0,20103,0,15087,75.05,5016,24.95,15087,14635,97.00,14635,14635,100.00,0,0.00,0,111,0.74,341,2.26,341,0,0,0,04/10/2026,20:14:41,04/10/2026 20:15:31,sim
1,04/10/2026,6257,Presidente,1,municipio,MA,09199,2111102,SÃO JOÃO DOS PATOS,,72,72,100.00,0,72,0,72,0,19533,19533,100.00,0,19533,0,19533,0,15553,79.62,3980,20.38,15553,14801,95.16,14801,14801,100.00,0,0.00,0,219,1.41,533,3.43,532,1,0,0,04/10/2026,20:09:57,04/10/2026 20:10:33,sim
1,04/10/2026,6257,Presidente,1,municipio,MA,09210,2111300,SÃO LUÍS,,2273,2273,100.00,0,2273,0,2273,0,761443,761443,100.00,0,761443,0,761443,0,642000,84.31,119443,15.69,642000,619322,96.47,619322,619322,100.00,0,0.00,0,11228,1.75,11450,1.78,11408,42,0,0,04/10/2026,20:55:11,04/10/2026 20:56:07,sim
1,04/10/2026,6257,Presidente,1,municipio,MA,09237,2111508,SÃO MATEUS DO MARANHÃO,,105,105,100.00,0,105,0,105,0,30147,30147,100.00,0,30147,0,30147,0,22755,75.48,7392,24.52,22755,21873,96.12,21873,21873,100.00,0,0.00,0,182,0.80,700,3.08,699,1,0,0,04/10/2026,21:00:14,04/10/2026 21:00:47,sim
1,04/10/2026,6257,Presidente,1,municipio,MA,09253,2111607,SÃO RAIMUNDO DAS MANGABEIRAS,,51,51,100.00,0,51,0,51,0,15701,15701,100.00,0,15701,0,15701,0,12665,80.66,3036,19.34,12665,12177,96.15,12177,12177,100.00,0,0.00,0,122,0.96,366,2.89,365,1,0,0,04/10/2026,20:49:59,04/10/2026 20:51:26,sim
1,04/10/2026,6257,Presidente,1,municipio,MA,09270,2111706,SÃO VICENTE FERRER,,61,61,100.00,0,61,0,61,0,16729,16729,100.00,0,16729,0,16729,0,12300,73.53,4429,26.47,12300,11642,94.65,11642,11642,100.00,0,0.00,0,194,1.58,464,3.77,463,1,0,0,04/10/2026,20:45:07,04/10/2026 20:46:21,sim
1,04/10/2026,6257,Presidente,1,municipio,MA,09296,2111805,SÍTIO NOVO,,55,55,100.00,0,55,0,55,0,13984,13984,100.00,0,13984,0,13984,0,11927,85.29,2057,14.71,11927,11607,97.32,11607,11607,100.00,0,0.00,0,95,0.80,225,1.89,225,0,0,0,04/10/2026,21:19:03,04/10/2026 21:19:41,sim
1,04/10/2026,6257,Presidente,1,municipio,MA,09318,2111904,SUCUPIRA DO NORTE,,31,31,100.00,0,31,0,31,0,8257,8257,100.00,0,8257,0,8257,0,6963,84.33,1294,15.67,6963,6701,96.24,6701,6701,100.00,0,0.00,0,44,0.63,218,3.13,218,0,0,0,04/10/2026,20:54:56,04/10/2026 20:56:07,sim
1,04/10/2026,6257,Presidente,1,municipio,MA,09334,2112001,TASSO FRAGOSO,,24,24,100.00,0,24,0,24,0,6854,6854,100.00,0,6854,0,6854,0,5594,81.62,1260,18.38,5594,5398,96.50,5398,5398,100.00,0,0.00,0,34,0.61,162,2.90,162,0,0,0,04/10/2026,19:30:51,04/10/2026 19:31:56,sim
1,04/10/2026,6257,Presidente,1,municipio,MA,09350,2112100,TIMBIRAS,,65,65,100.00,0,65,0,65,0,21254,21254,100.00,0,21254,0,21254,0,15483,72.85,5771,27.15,15483,14810,95.65,14810,14810,100.00,0,0.00,0,105,0.68,568,3.67,567,1,0,0,04/10/2026,20:51:35,04/10/2026 20:52:05,sim
1,04/10/2026,6257,Presidente,1,municipio,MA,09377,2112209,TIMON,,402,402,100.00,0,402,0,402,0,124767,124767,100.00,0,124767,0,124767,0,105358,84.44,19409,15.56,105358,100929,95.80,100929,100929,100.00,0,0.00,0,1283,1.22,3146,2.99,3138,8,0,0,04/10/2026,20:52:38,04/10/2026 20:53:29,sim
1,04/10/2026,6257,Presidente,1,municipio,MA,09393,2112308,TUNTUM,,97,97,100.00,0,97,0,97,0,28443,28443,100.00,0,28443,0,28443,0,22571,79.36,5872,20.64,22571,21633,95.84,21633,21633,100.00,0,0.00,0,240,1.06,698,3.09,698,0,0,0,04/10/2026,21:56:04,04/10/2026 21:56:42,sim
1,04/10/2026,6257,Presidente,1,municipio,MA,09415,2112407,TURIAÇU,,118,118,100.00,0,118,0,118,0,28166,28166,100.00,0,28166,0,28166,0,22760,80.81,5406,19.19,22760,22096,97.08,22096,22096,100.00,0,0.00,0,159,0.70,505,2.22,505,0,0,0,04/10/2026,21:00:56,04/10/2026 21:01:55,sim
1,04/10/2026,6257,Presidente,1,municipio,MA,09431,2112506,TUTÓIA,,158,158,100.00,0,158,0,158,0,43215,43215,100.00,0,43215,0,43215,0,33914,78.48,9301,21.52,33914,32432,95.63,32432,32432,100.00,0,0.00,0,448,1.32,1034,3.05,1033,1,0,0,04/10/2026,21:00:19,04/10/2026 21:01:32,sim
1,04/10/2026,6257,Presidente,1,municipio,MA,09458,2112605,URBANO SANTOS,,82,82,100.00,0,82,0,82,0,25803,25803,100.00,0,25803,0,25803,0,20337,78.82,5466,21.18,20337,19491,95.84,19491,19491,100.00,0,0.00,0,179,0.88,667,3.28,667,0,0,0,04/10/2026,21:27:34,04/10/2026 21:28:21,sim
1,04/10/2026,6257,Presidente,1,municipio,MA,09474,2112704,VARGEM GRANDE,,112,112,100.00,0,112,0,112,0,32648,32648,100.00,0,32648,0,32648,0,25476,78.03,7172,21.97,25476,24399,95.77,24399,24399,100.00,0,0.00,0,204,0.80,873,3.43,871,2,0,0,04/10/2026,23:10:57,04/10/2026 23:11:41,sim
1,04/10/2026,6257,Presidente,1,municipio,MA,09490,2112803,VIANA,,151,151,100.00,0,151,0,151,0,39769,39769,100.00,0,39769,0,39769,0,31042,78.06,8727,21.94,31042,30098,96.96,30098,30098,100.00,0,0.00,0,318,1.02,626,2.02,626,0,0,0,04/10/2026,20:57:10,04/10/2026 20:58:13,sim
1,04/10/2026,6257,Presidente,1,municipio,MA,09512,2112902,VITÓRIA DO MEARIM,,94,94,100.00,0,94,0,94,0,24683,24683,100.00,0,24683,0,24683,0,19338,78.35,5345,21.65,19338,18779,97.11,18779,18779,100.00,0,0.00,0,204,1.05,355,1.84,353,2,0,0,04/10/2026,20:55:14,04/10/2026 20:56:08,sim
1,04/10/2026,6257,Presidente,1,municipio,MA,09539,2113009,VITORINO FREIRE,,84,84,100.00,0,84,0,84,0,22898,22898,100.00,0,22898,0,22898,0,18470,80.66,4428,19.34,18470,17791,96.32,17791,17791,100.00,0,0.00,0,189,1.02,490,2.65,490,0,0,0,04/10/2026,21:11:33,04/10/2026 21:12:44,sim
1,04/10/2026,6257,Presidente,1,municipio,MA,09555,2102002,BOM JARDIM,,115,115,100.00,0,115,0,115,0,26888,26888,100.00,0,26888,0,26888,0,20906,77.75,5982,22.25,20906,20141,96.34,20141,20141,100.00,0,0.00,0,155,0.74,610,2.92,610,0,0,0,04/10/2026,21:24:34,04/10/2026 21:24:50,sim
1,04/10/2026,6257,Presidente,1,municipio,MA,09571,2109908,SANTA INÊS,,218,218,100.00,0,218,0,218,0,63447,63447,100.00,0,63447,0,63447,0,51029,80.43,12418,19.57,51029,49425,96.86,49425,49425,100.00,0,0.00,0,623,1.22,981,1.92,980,1,0,0,04/10/2026,21:18:32,04/10/2026 21:19:23,sim
1,04/10/2026,6257,Presidente,1,municipio,MA,09598,2108108,PAULO RAMOS,,61,61,100.00,0,61,0,61,0,16850,16850,100.00,0,16850,0,16850,0,12975,77.00,3875,23.00,12975,12441,95.88,12441,12441,100.00,0,0.00,0,89,0.69,445,3.43,445,0,0,0,04/10/2026,21:00:52,04/10/2026 21:01:54,sim
1,04/10/2026,6257,Presidente,1,municipio,MA,09610,2100055,AÇAILÂNDIA,,262,262,100.00,0,262,0,262,0,78000,78000,100.00,0,78000,0,78000,0,63185,81.01,14815,18.99,63185,61426,97.22,61426,61426,100.00,0,0.00,0,589,0.93,1170,1.85,1132,38,0,0,04/10/2026,20:56:02,04/10/2026 20:56:55,sim
1,04/10/2026,6257,Presidente,1,municipio,MA,09636,2104057,ESTREITO,,77,77,100.00,0,77,0,77,0,24146,24146,100.00,0,24146,0,24146,0,19004,78.70,5142,21.30,19004,18538,97.55,18538,18538,100.00,0,0.00,0,125,0.66,341,1.79,336,5,0,0,04/10/2026,20:35:13,04/10/2026 20:36:10,sim
1,04/10/2026,6257,Presidente,1,municipio,MA,09652,2110039,SANTA LUZIA DO PARUÁ,,61,61,100.00,0,61,0,61,0,17081,17081,100.00,0,17081,0,17081,0,13391,78.40,3690,21.60,13391,12943,96.65,12943,12943,100.00,0,0.00,0,133,0.99,315,2.35,315,0,0,0,04/10/2026,20:38:14,04/10/2026 20:39:00,sim
1,04/10/2026,6257,Presidente,1,municipio,MA,09679,2100956,ARAME,,81,81,100.00,0,81,0,81,0,20826,20826,100.00,0,20826,0,20826,0,16756,80.46,4070,19.54,16756,16332,97.47,16332,16332,100.00,0,0.00,0,81,0.48,343,2.05,341,2,0,0,04/10/2026,20:50:38,04/10/2026 20:51:49,sim
1,04/10/2026,6257,Presidente,1,municipio,MA,09695,2106755,MIRANDA DO NORTE,,61,61,100.00,0,61,0,61,0,16991,16991,100.00,0,16991,0,16991,0,13432,79.05,3559,20.95,13432,13036,97.05,13036,13036,100.00,0,0.00,0,116,0.86,280,2.08,280,0,0,0,04/10/2026,20:57:55,04/10/2026 20:58:33,sim
1,04/10/2026,6257,Presidente,1,municipio,MA,09717,2114007,ZÉ DOCA,,107,107,100.00,0,107,0,107,0,33014,33014,100.00,0,33014,0,33014,0,25899,78.45,7115,21.55,25899,25129,97.03,25129,25129,100.00,0,0.00,0,234,0.90,536,2.07,533,3,0,0,04/10/2026,22:16:21,04/10/2026 22:17:22,sim
