definicao_faixa,faixa,municipios,b_goodman,b_boot_p05,b_boot_p95,b_sem_3_maiores,3_maiores,a_goodman,a_boot_p05,a_boot_p95,b_ei_mediana,b_ei_p05,b_ei_p95
2º turno 2022 (versão anterior),<35%,539,0.301372032527777,0.14869511416383902,0.36998152662113154,0.29590462782453464,"Joinville, Londrina, São José Do Rio Preto",0.21506755654540496,0.19963995345917937,0.24132098247002978,,,
2º turno 2022 (versão anterior),35-45%,715,0.6212607913550691,0.20605460450767316,0.7510418114684662,0.3124138822097856,"Brasília, Manaus, Curitiba",0.3057831684188586,0.2617572290804597,0.34332881642762114,,,
2º turno 2022 (versão anterior),45-55%,541,0.3312695772261392,0.08952245122367931,0.6367685816698223,0.44934533664952964,"São Paulo, Rio De Janeiro, Belo Horizonte",0.40678939161780014,0.330000966800062,0.41096986215325315,,,
2º turno 2022 (versão anterior),55-65%,338,0.6470198265157936,0.44116657545233434,0.7774051932162664,0.5597278877628089,"Fortaleza, Recife, São Luís",0.4071285611798139,0.34530453020171314,0.42066876473810455,,,
2º turno 2022 (versão anterior),>65%,1109,0.6130528189990936,0.54076869053541,0.775277621564073,0.7198646135867862,"Salvador, Teresina, Petrolina",0.4357985519737774,0.4206561947824174,0.5130225966116412,,,
1º turno 2022 (pré-transferência),<35%,638,0.272286750611456,0.07938004636722676,0.3801608614340429,0.24210885364233126,"Curitiba, Goiânia, Campo Grande",0.2697294449556239,0.24110014796609022,0.28636458983460306,0.2019516203911877,0.12442113196495455,0.3055972492281913
1º turno 2022 (pré-transferência),35-45%,720,0.6661741518826455,0.27936511396641484,0.8239598030914576,0.5059294099087472,"Rio De Janeiro, Brasília, Belo Horizonte",0.3385460033014008,0.27690161787028794,0.37033306391711046,0.47111592149663895,0.32007983491586145,0.6442122121624793
1º turno 2022 (pré-transferência),45-55%,493,0.47777923586682275,0.3036818589461155,0.7041776885781915,0.4810425973152451,"São Paulo, Fortaleza, Recife",0.41157040312041326,0.3457035795202203,0.41557296278337025,0.40134240438816027,0.27719073208726086,0.5395808467288201
1º turno 2022 (pré-transferência),55-65%,374,0.5302598396370551,0.4575309896544483,0.6169645467033897,0.588872550219292,"São Luís, Teresina, Feira De Santana",0.4068367909706613,0.348928870782513,0.4455791692415244,0.4698835711429433,0.3607437344157462,0.5902831519379848
1º turno 2022 (pré-transferência),>65%,1017,0.7037602873742609,0.6825372930366448,0.7573074495749204,0.7329168216600571,"Salvador, Petrolina, Juazeiro Do Norte",0.42022508031546435,0.41739066700834393,0.4599175803803946,0.740562411264536,0.6356099442615388,0.8525803988419681
