faixa,origem,destino,p05,mediana,p95
<35%,lula,lula,0.9502063692174683,0.9609288571876844,0.9708378445272718
<35%,lula,bolsonaro,0.02326253043081279,0.033278225614737714,0.04414063456141316
<35%,lula,fora,0.004047878898521399,0.005666394470843561,0.007818340793017967
<35%,bolsonaro,lula,1.95851471384829e-06,2.364752529383689e-05,0.00014752196105899008
<35%,bolsonaro,bolsonaro,0.9974994044896871,0.9981157251496362,0.9986091277101468
<35%,bolsonaro,fora,0.0013606976633259236,0.0018392431972373267,0.002450082893079485
<35%,terceira_via,lula,0.31107766346508375,0.3414258347190958,0.3743844873909664
<35%,terceira_via,bolsonaro,0.5995589406323457,0.632507226970936,0.6630139839133347
<35%,terceira_via,fora,0.020632395450154047,0.025794866610812248,0.03265783195723034
<35%,terceira_via,lula_entre_votantes,0.31933822919549926,0.3504960581808487,0.3842898119165844
<35%,fora,lula,0.006423054281458278,0.010333522094978273,0.015552407368328905
<35%,fora,bolsonaro,0.03465351510492295,0.04079953520546713,0.04594182947489717
<35%,fora,fora,0.944973845470908,0.9488710502636144,0.9525769801223155
<35%,fora,lula_entre_votantes,0.12442113196495455,0.2019516203911877,0.3055972492281913
35-45%,lula,lula,0.9420888099591976,0.9527721681545538,0.9625842730631999
35-45%,lula,bolsonaro,0.03265713926431707,0.04249614258462743,0.05307962467965697
35-45%,lula,fora,0.0034316677379323986,0.004711800420217563,0.006298787385096139
35-45%,bolsonaro,lula,1.9721504855072662e-06,2.5414539916384067e-05,0.00021405387235741408
35-45%,bolsonaro,bolsonaro,0.9975931919299719,0.9982855866931795,0.9988088101059365
35-45%,bolsonaro,fora,0.0011526931771666353,0.0016658052063940995,0.0023100965772191984
35-45%,terceira_via,lula,0.38426170052576775,0.4247183254433905,0.46748073583016136
35-45%,terceira_via,bolsonaro,0.5197878377127706,0.561836106887453,0.6019958357316271
35-45%,terceira_via,fora,0.008607343182657308,0.012961596174006405,0.018928150433363718
35-45%,terceira_via,lula_entre_votantes,0.3901406487769363,0.4303878074577957,0.4735680389663423
35-45%,fora,lula,0.010930641286799546,0.01606493394385454,0.022153485034126848
35-45%,fora,bolsonaro,0.011850340015216801,0.01813842854483857,0.02380792441145968
35-45%,fora,fora,0.9621622241915779,0.9657689341404576,0.9691658286288408
35-45%,fora,lula_entre_votantes,0.32007983491586145,0.47111592149663895,0.6442122121624793
45-55%,lula,lula,0.9597518236888246,0.9666894125033395,0.9731372512986851
45-55%,lula,bolsonaro,0.021783900692176943,0.028024385738107026,0.034950288530383615
45-55%,lula,fora,0.0037985530625904516,0.005219007114512037,0.006903369279778652
45-55%,bolsonaro,lula,3.06876005042925e-06,3.3924722464011897e-05,0.0002303539092219272
45-55%,bolsonaro,bolsonaro,0.9962065473477586,0.9972013494349775,0.9979855017536053
45-55%,bolsonaro,fora,0.001961702491123339,0.002736482686691957,0.0036840211043476638
45-55%,terceira_via,lula,0.394468782381866,0.4323048262962423,0.47302364313782086
45-55%,terceira_via,bolsonaro,0.5034866990884294,0.5433981624208211,0.5816995474506981
45-55%,terceira_via,fora,0.020582856717271347,0.02401825375975101,0.02793848482026122
45-55%,terceira_via,lula_entre_votantes,0.404085761222523,0.443109735920716,0.48425266667781497
45-55%,fora,lula,0.01022147258185072,0.015085126110282504,0.02044923963925071
45-55%,fora,bolsonaro,0.016613361949317753,0.022422886897857396,0.028010711116863526
45-55%,fora,fora,0.9577225959490614,0.9624923864350966,0.9666937698275334
45-55%,fora,lula_entre_votantes,0.27719073208726086,0.40134240438816027,0.5395808467288201
55-65%,lula,lula,0.9592008779842958,0.965073299678341,0.9709353020351614
55-65%,lula,bolsonaro,0.019331774180345377,0.02528543010081015,0.031151830011766884
55-65%,lula,fora,0.007548747119361705,0.009579519429737535,0.012295895821211801
55-65%,bolsonaro,lula,1.00894098242569e-05,0.00010160689971418696,0.0005508556335741213
55-65%,bolsonaro,bolsonaro,0.9849566039451533,0.9882306287104247,0.9908967839350064
55-65%,bolsonaro,fora,0.008985614803116273,0.0116029760013985,0.014812107696563322
55-65%,terceira_via,lula,0.48770343656527143,0.5306472745361657,0.5747613857609304
55-65%,terceira_via,bolsonaro,0.32644263738428014,0.36955383714303147,0.41091260575658745
55-65%,terceira_via,fora,0.08771236211621165,0.09944810839443956,0.11202761722647304
55-65%,terceira_via,lula_entre_votantes,0.542802992647359,0.5894114944543123,0.6373989060426886
55-65%,fora,lula,0.017059694327083486,0.022804069094672325,0.02943401370843848
55-65%,fora,bolsonaro,0.019377178910059238,0.025758716491362386,0.03198100563678326
55-65%,fora,fora,0.9453758953837259,0.9513269857793198,0.9566949065626087
55-65%,fora,lula_entre_votantes,0.3607437344157462,0.4698835711429433,0.5902831519379848
>65%,lula,lula,0.9826006769351202,0.9852785028203589,0.9878317886415457
>65%,lula,bolsonaro,0.0002057530286569326,0.0013478271487975472,0.0036256880292548674
>65%,lula,fora,0.010844203220595152,0.013167198268901895,0.015669429450359908
>65%,bolsonaro,lula,6.622887375844129e-06,6.541100126598703e-05,0.00031823492297048664
>65%,bolsonaro,bolsonaro,0.9877390898044948,0.9908664567544035,0.9936161942993137
>65%,bolsonaro,fora,0.006298447694268824,0.009035879841418893,0.012143327916008587
>65%,terceira_via,lula,0.42554197622511436,0.4548207809133529,0.4838858716398882
>65%,terceira_via,bolsonaro,0.4209094901603793,0.4501441226639169,0.47859386727479
>65%,terceira_via,fora,0.07892892987570767,0.09491482173406399,0.11254120833746419
>65%,terceira_via,lula_entre_votantes,0.4724361817860243,0.5026442701258633,0.5336537216029816
>65%,fora,lula,0.021479142953305486,0.026772326624594146,0.03224465696376808
>65%,fora,bolsonaro,0.005078029863833886,0.009424747010307509,0.013464165806412007
>65%,fora,fora,0.9586536674816644,0.9639306335295004,0.9689660325013114
>65%,fora,lula_entre_votantes,0.6356099442615388,0.740562411264536,0.8525803988419681
